stableId,date,dayNumber,verseRef,status,readInContext,translation,bibleGatewayUrl,journeyStage,theme_en,text_en,versePreview_en
scripture-01-01,01-01,1,Matthew 4:17,draft,Matthew 4:12–17,NIV,https://www.biblegateway.com/passage/?search=Matthew%204%3A12-17&version=NIV,Jesus’ Teachings — Synoptic Gospels,REPENT AND BELIEVE,Jesus begins with an invitation to turn. Repentance means turning away from sin and turning toward God. His Kingdom changes the direction of our lives.,"“Repent, for the kingdom of heaven has come near.”"
scripture-01-02,01-02,2,Matthew 4:19,draft,Matthew 4:18–22,NIV,https://www.biblegateway.com/passage/?search=Matthew%204%3A18-22&version=NIV,Jesus’ Teachings — Synoptic Gospels,FOLLOW ME,"Jesus does not simply invite us to believe facts about Him. He calls us to follow Him. As we follow Jesus, He transforms us and sends us to reach others.","“Come, follow me… and I will send you out to fish for people.”"
scripture-01-03,01-03,3,Matthew 5:3,draft,Matthew 5:1–12,NIV,https://www.biblegateway.com/passage/?search=Matthew%205%3A1-12&version=NIV,Jesus’ Teachings — Synoptic Gospels,POOR IN SPIRIT,Life in God’s Kingdom begins with recognizing our need for Him. We come to the Father humbly rather than trusting in our own goodness or strength.,"“Blessed are the poor in spirit, for theirs is the kingdom of heaven.”"
scripture-01-04,01-04,4,Matthew 5:4,draft,Matthew 5:1–12,NIV,https://www.biblegateway.com/passage/?search=Matthew%205%3A1-12&version=NIV,Jesus’ Teachings — Synoptic Gospels,GOD COMFORTS,Following Jesus does not mean we will never experience sorrow. Our heavenly Father meets us in our grief and promises comfort.,"“Blessed are those who mourn, for they will be comforted.”"
scripture-01-05,01-05,5,Matthew 5:6,draft,Matthew 5:1–12,NIV,https://www.biblegateway.com/passage/?search=Matthew%205%3A1-12&version=NIV,Jesus’ Teachings — Synoptic Gospels,HUNGER FOR RIGHTEOUSNESS,Jesus teaches us to desire what is right before God as deeply as the body desires food and water. Spiritual growth begins when our appetite changes.,“Blessed are those who hunger and thirst for righteousness…”
scripture-01-06,01-06,6,Matthew 5:7,draft,Matthew 5:1–12,NIV,https://www.biblegateway.com/passage/?search=Matthew%205%3A1-12&version=NIV,Jesus’ Teachings — Synoptic Gospels,SHOW MERCY,"People who have experienced God’s mercy should become people who extend mercy. We do not excuse sin, but we treat others with the compassion God has shown us.","“Blessed are the merciful, for they will be shown mercy.”"
scripture-01-07,01-07,7,Matthew 5:8,draft,Matthew 5:1–12,NIV,https://www.biblegateway.com/passage/?search=Matthew%205%3A1-12&version=NIV,Jesus’ Teachings — Synoptic Gospels,A PURE HEART,Jesus is concerned with more than outward behavior. He desires hearts that are sincerely devoted to God.,"“Blessed are the pure in heart, for they will see God.”"
scripture-01-08,01-08,8,Matthew 5:9,draft,Matthew 5:1–12,NIV,https://www.biblegateway.com/passage/?search=Matthew%205%3A1-12&version=NIV,Jesus’ Teachings — Synoptic Gospels,BECOME A PEACEMAKER,"Followers of Jesus should not constantly create division. We carry the Father’s heart into broken situations and seek reconciliation, truth, and peace.","“Blessed are the peacemakers, for they will be called children of God.”"
scripture-01-09,01-09,9,Matthew 5:14–16,draft,Matthew 5:13–16,NIV,https://www.biblegateway.com/passage/?search=Matthew%205%3A13-16&version=NIV,Jesus’ Teachings — Synoptic Gospels,YOU ARE THE LIGHT,Jesus calls His disciples to live visibly different lives. Our good works are not meant to glorify us; they should cause people to recognize and glorify our Father.,“You are the light of the world…”
scripture-01-10,01-10,10,Matthew 5:23–24,draft,Matthew 5:21–26,NIV,https://www.biblegateway.com/passage/?search=Matthew%205%3A21-26&version=NIV,Jesus’ Teachings — Synoptic Gospels,SEEK RECONCILIATION,Our relationship with God should affect our relationships with people. Jesus calls us to take reconciliation seriously rather than allowing bitterness and brokenness to remain unattended.,“…first go and be reconciled to them…”
scripture-01-11,01-11,11,Matthew 5:37,draft,Matthew 5:33–37,NIV,https://www.biblegateway.com/passage/?search=Matthew%205%3A33-37&version=NIV,Jesus’ Teachings — Synoptic Gospels,LET YOUR WORD BE TRUE,A disciple’s words should be trustworthy. Integrity means becoming the kind of person whose word does not require manipulation or deception.,“All you need to say is simply ‘Yes’ or ‘No’…”
scripture-01-12,01-12,12,Matthew 5:44,draft,Matthew 5:43–48,NIV,https://www.biblegateway.com/passage/?search=Matthew%205%3A43-48&version=NIV,Jesus’ Teachings — Synoptic Gospels,LOVE YOUR ENEMIES,Christlike love reaches beyond people who treat us well. Jesus calls us to pray for those who oppose us and refuse to allow hatred to control our hearts.,“Love your enemies and pray for those who persecute you…”
scripture-01-13,01-13,13,Matthew 5:48,draft,Matthew 5:43–48,NIV,https://www.biblegateway.com/passage/?search=Matthew%205%3A43-48&version=NIV,Jesus’ Teachings — Synoptic Gospels,BECOME LIKE YOUR FATHER,Jesus calls His disciples toward maturity that reflects the Father’s character. We never stop allowing God to transform how we love and live.,"“Be perfect, therefore, as your heavenly Father is perfect.”"
scripture-01-14,01-14,14,Matthew 6:3–4,draft,Matthew 6:1–4,NIV,https://www.biblegateway.com/passage/?search=Matthew%206%3A1-4&version=NIV,Jesus’ Teachings — Synoptic Gospels,GIVE WITHOUT SEEKING PRAISE,"Kingdom generosity does not need an audience. Give because you love God and people, not because you want recognition.",“…do not let your left hand know what your right hand is doing…”
scripture-01-15,01-15,15,Matthew 6:6,draft,Matthew 6:5–8,NIV,https://www.biblegateway.com/passage/?search=Matthew%206%3A5-8&version=NIV,Jesus’ Teachings — Synoptic Gospels,MEET THE FATHER IN SECRET,A public Christian life must be supported by a private relationship with God. Develop a place where you regularly meet your heavenly Father in prayer.,"“…pray to your Father, who is unseen.”"
scripture-01-16,01-16,16,Matthew 6:9–10,draft,Matthew 6:9–13,NIV,https://www.biblegateway.com/passage/?search=Matthew%206%3A9-13&version=NIV,Jesus’ Teachings — Synoptic Gospels,JESUS TEACHES US TO PRAY,"Prayer begins with the Father, His holiness, His Kingdom, and His will—not simply our requests. Jesus teaches us to align our hearts with heaven.","“Our Father in heaven, hallowed be your name, your kingdom come…”"
scripture-01-17,01-17,17,Matthew 6:14,draft,Matthew 6:9–15,NIV,https://www.biblegateway.com/passage/?search=Matthew%206%3A9-15&version=NIV,Jesus’ Teachings — Synoptic Gospels,FORGIVE,People who understand the Father’s mercy cannot comfortably hold unforgiveness forever. Forgiveness becomes part of the heart posture of a disciple.,“For if you forgive other people when they sin against you…”
scripture-01-18,01-18,18,Matthew 6:20–21,draft,Matthew 6:19–24,NIV,https://www.biblegateway.com/passage/?search=Matthew%206%3A19-24&version=NIV,Jesus’ Teachings — Synoptic Gospels,TREASURE IN HEAVEN,Where we invest our lives reveals what we truly value. Jesus teaches us to build our lives around things that have eternal value.,“…store up for yourselves treasures in heaven…”
scripture-01-19,01-19,19,Matthew 6:24,draft,Matthew 6:19–24,NIV,https://www.biblegateway.com/passage/?search=Matthew%206%3A19-24&version=NIV,Jesus’ Teachings — Synoptic Gospels,ONE MASTER,"Jesus demands the throne of our hearts. Money is useful as a servant, but it becomes destructive when it becomes our master.",“No one can serve two masters…”
scripture-01-20,01-20,20,Matthew 6:25,draft,Matthew 6:25–34,NIV,https://www.biblegateway.com/passage/?search=Matthew%206%3A25-34&version=NIV,Jesus’ Teachings — Synoptic Gospels,DO NOT LIVE CONTROLLED BY WORRY,Jesus does not deny that we have real needs. He teaches us that worry should not become our master because we have a Father who knows what we need.,"“Therefore I tell you, do not worry about your life…”"
scripture-01-21,01-21,21,Matthew 6:33,draft,Matthew 6:25–34,NIV,https://www.biblegateway.com/passage/?search=Matthew%206%3A25-34&version=NIV,Jesus’ Teachings — Synoptic Gospels,SEEK THE KINGDOM FIRST,The Kingdom of God is not meant to become another item on our list of priorities. Jesus calls us to organize our entire lives around the Father’s Kingdom and righteousness.,“But seek first his kingdom and his righteousness…”
scripture-01-22,01-22,22,Matthew 6:34,draft,Matthew 6:25–34,NIV,https://www.biblegateway.com/passage/?search=Matthew%206%3A25-34&version=NIV,Jesus’ Teachings — Synoptic Gospels,LIVE TODAY,God gives grace for today. Faith does not require us to solve every problem of tomorrow before it arrives.,“Therefore do not worry about tomorrow…”
scripture-01-23,01-23,23,Matthew 7:3,draft,Matthew 7:1–5,NIV,https://www.biblegateway.com/passage/?search=Matthew%207%3A1-5&version=NIV,Jesus’ Teachings — Synoptic Gospels,EXAMINE YOUR OWN HEART,Jesus warns against being experts in other people’s failures while ignoring our own. Healthy disciples regularly invite God to examine their hearts.,“Why do you look at the speck of sawdust in your brother’s eye…”
scripture-01-24,01-24,24,Matthew 7:7,draft,Matthew 7:7–11,NIV,https://www.biblegateway.com/passage/?search=Matthew%207%3A7-11&version=NIV,Jesus’ Teachings — Synoptic Gospels,"ASK, SEEK, KNOCK",Jesus encourages persistence in our relationship with the Father. Keep asking. Keep seeking. Keep knocking.,“Ask and it will be given to you; seek and you will find…”
scripture-01-25,01-25,25,Matthew 7:12,draft,Matthew 7:7–12,NIV,https://www.biblegateway.com/passage/?search=Matthew%207%3A7-12&version=NIV,Jesus’ Teachings — Synoptic Gospels,TREAT OTHERS WELL,"Kingdom living is intensely practical. Before acting or speaking, consider how you would want to be treated if you were standing in the other person’s place.",“…do to others what you would have them do to you…”
scripture-01-26,01-26,26,Matthew 7:13–14,draft,Matthew 7:13–14,NIV,https://www.biblegateway.com/passage/?search=Matthew%207%3A13-14&version=NIV,Jesus’ Teachings — Synoptic Gospels,ENTER THE NARROW GATE,"Following Jesus will not always mean following the crowd. The way of Christ requires surrender, obedience, and a willingness to walk differently.",“Enter through the narrow gate…”
scripture-01-27,01-27,27,Matthew 7:16,draft,Matthew 7:15–20,NIV,https://www.biblegateway.com/passage/?search=Matthew%207%3A15-20&version=NIV,Jesus’ Teachings — Synoptic Gospels,LOOK AT THE FRUIT,Not every spiritual voice should be followed. Jesus teaches His disciples to exercise discernment by examining the fruit produced by a person’s life and teaching.,“By their fruit you will recognize them.”
scripture-01-28,01-28,28,Matthew 7:21,draft,Matthew 7:21–23,NIV,https://www.biblegateway.com/passage/?search=Matthew%207%3A21-23&version=NIV,Jesus’ Teachings — Synoptic Gospels,LORD MEANS LORD,Christianity is more than calling Jesus Lord with our mouths. Genuine discipleship increasingly brings our lives under His authority and the Father’s will.,"“Not everyone who says to me, ‘Lord, Lord,’ will enter the kingdom of heaven…”"
scripture-01-29,01-29,29,Matthew 7:24,draft,Matthew 7:24–29,NIV,https://www.biblegateway.com/passage/?search=Matthew%207%3A24-29&version=NIV,Jesus’ Teachings — Synoptic Gospels,BUILD ON THE ROCK,A strong spiritual foundation requires more than hearing Scripture. Jesus compares the person who actually obeys His teaching to someone building a house upon rock.,“…everyone who hears these words of mine and puts them into practice…”
scripture-01-30,01-30,30,Matthew 9:13,draft,Matthew 9:9–13,NIV,https://www.biblegateway.com/passage/?search=Matthew%209%3A9-13&version=NIV,Jesus’ Teachings — Synoptic Gospels,"MERCY, NOT RELIGIOUS PRIDE","Jesus confronted religion that knew outward practices but had lost the Father’s heart. Biblical truth should make us more compassionate toward people who need Jesus, not more self-righteous.","“I desire mercy, not sacrifice.”"
scripture-01-31,01-31,31,Matthew 9:36,draft,Matthew 9:35–38,NIV,https://www.biblegateway.com/passage/?search=Matthew%209%3A35-38&version=NIV,Jesus’ Teachings — Synoptic Gospels,SEE PEOPLE WITH COMPASSION,"Jesus did not look at broken people as interruptions. He saw people who were hurting, lost, and in need of a shepherd. Ask the Holy Spirit to help you see people through the compassionate heart of Christ.",“He had compassion on them…”
scripture-02-01,02-01,32,Matthew 9:37–38,draft,Matthew 9:35–38,NIV,https://www.biblegateway.com/passage/?search=Matthew%209%3A35-38&version=NIV,Jesus’ Teachings — Synoptic Gospels,PRAY FOR THE HARVEST,There are people all around us who need to encounter Jesus. Pray for workers—but also remain willing for God to send you as part of the answer.,“The harvest is plentiful but the workers are few.”
scripture-02-02,02-02,33,Matthew 10:8,draft,Matthew 10:5–15,NIV,https://www.biblegateway.com/passage/?search=Matthew%2010%3A5-15&version=NIV,Jesus’ Teachings — Synoptic Gospels,FREELY GIVE,Everything we have received from God is grace. Ministry should flow from gratitude rather than selfish ambition. What God has placed in your life can become a blessing to someone else.,“Freely you have received; freely give.”
scripture-02-03,02-03,34,Matthew 10:16,draft,Matthew 10:16–23,NIV,https://www.biblegateway.com/passage/?search=Matthew%2010%3A16-23&version=NIV,Jesus’ Teachings — Synoptic Gospels,WALK WITH WISDOM,Jesus does not call His disciples to be careless. Kingdom servants should combine innocence of heart with spiritual wisdom and discernment.,“Be as shrewd as snakes and as innocent as doves.”
scripture-02-04,02-04,35,Matthew 10:32,draft,Matthew 10:26–33,NIV,https://www.biblegateway.com/passage/?search=Matthew%2010%3A26-33&version=NIV,Jesus’ Teachings — Synoptic Gospels,DO NOT HIDE YOUR FAITH,Following Jesus eventually becomes visible. Do not be ashamed of belonging to Christ. Ask the Holy Spirit for courage to acknowledge Him through both your words and your life.,“Whoever acknowledges me before others…”
scripture-02-05,02-05,36,Matthew 10:37–39,draft,Matthew 10:34–39,NIV,https://www.biblegateway.com/passage/?search=Matthew%2010%3A34-39&version=NIV,Jesus’ Teachings — Synoptic Gospels,JESUS MUST COME FIRST,Jesus is not asking to become one priority among many. He calls us to wholehearted allegiance. Every other relationship and responsibility must ultimately come under His lordship.,“Anyone who loves their father or mother more than me…”
scripture-02-06,02-06,37,Matthew 11:28,draft,Matthew 11:25–30,NIV,https://www.biblegateway.com/passage/?search=Matthew%2011%3A25-30&version=NIV,Jesus’ Teachings — Synoptic Gospels,COME TO JESUS,"Jesus welcomes exhausted and burdened people. His invitation is not to carry life alone but to come near, learn from Him, and discover rest for the soul.","“Come to me, all you who are weary…”"
scripture-02-07,02-07,38,Matthew 12:34,draft,Matthew 12:33–37,NIV,https://www.biblegateway.com/passage/?search=Matthew%2012%3A33-37&version=NIV,Jesus’ Teachings — Synoptic Gospels,YOUR WORDS REVEAL YOUR HEART,Our speech eventually reveals what has been growing inside us. Ask the Holy Spirit not merely to change your words but to transform the heart from which those words flow.,“The mouth speaks what the heart is full of.”
scripture-02-08,02-08,39,Matthew 12:50,draft,Matthew 12:46–50,NIV,https://www.biblegateway.com/passage/?search=Matthew%2012%3A46-50&version=NIV,Jesus’ Teachings — Synoptic Gospels,BELONGING TO GOD’S FAMILY,Jesus forms a spiritual family centered upon relationship with the Father and obedience to His will. Following Christ brings us into a family that reaches across nations and cultures.,“Whoever does the will of my Father…”
scripture-02-09,02-09,40,Matthew 13:23,draft,Matthew 13:1–23,NIV,https://www.biblegateway.com/passage/?search=Matthew%2013%3A1-23&version=NIV,Jesus’ Teachings — Synoptic Gospels,BECOME GOOD SOIL,"Hearing God’s Word is only the beginning. Receive it deeply, understand it, obey it, and allow it to produce lasting fruit in your life.",“The seed falling on good soil…”
scripture-02-10,02-10,41,Matthew 13:31–32,draft,Matthew 13:31–35,NIV,https://www.biblegateway.com/passage/?search=Matthew%2013%3A31-35&version=NIV,Jesus’ Teachings — Synoptic Gospels,DO NOT DESPISE SMALL BEGINNINGS,God often begins His greatest works in ways that appear small. Remain faithful with what He has placed in your hands and trust Him with the growth.,“The kingdom of heaven is like a mustard seed…”
scripture-02-11,02-11,42,Matthew 13:44,draft,Matthew 13:44–46,NIV,https://www.biblegateway.com/passage/?search=Matthew%2013%3A44-46&version=NIV,Jesus’ Teachings — Synoptic Gospels,THE KINGDOM IS WORTH EVERYTHING,"When we truly recognize the value of God’s Kingdom, surrender no longer feels like loss. Jesus is worth more than anything we could leave behind.",“The kingdom of heaven is like treasure hidden in a field.”
scripture-02-12,02-12,43,Matthew 16:15–16,draft,Matthew 16:13–20,NIV,https://www.biblegateway.com/passage/?search=Matthew%2016%3A13-20&version=NIV,Jesus’ Teachings — Synoptic Gospels,WHO DO YOU SAY JESUS IS?,Every person eventually has to answer Jesus’ question personally. Christianity is built upon the identity of Jesus Christ—the Messiah and Son of God.,“But what about you? … Who do you say I am?”
scripture-02-13,02-13,44,Matthew 16:24,draft,Matthew 16:21–28,NIV,https://www.biblegateway.com/passage/?search=Matthew%2016%3A21-28&version=NIV,Jesus’ Teachings — Synoptic Gospels,TAKE UP YOUR CROSS,Discipleship requires surrender. Following Jesus means allowing His will to become greater than our own desires and carrying the responsibilities He entrusts to us.,“Whoever wants to be my disciple must deny themselves…”
scripture-02-14,02-14,45,Matthew 16:26,draft,Matthew 16:24–28,NIV,https://www.biblegateway.com/passage/?search=Matthew%2016%3A24-28&version=NIV,Jesus’ Teachings — Synoptic Gospels,WHAT IS YOUR SOUL WORTH?,Success without Christ is ultimately empty. Jesus teaches us to evaluate life through eternity rather than temporary achievement.,“What good will it be for someone to gain the whole world…”
scripture-02-15,02-15,46,Matthew 17:20,draft,Matthew 17:14–20,NIV,https://www.biblegateway.com/passage/?search=Matthew%2017%3A14-20&version=NIV,Jesus’ Teachings — Synoptic Gospels,FAITH IN A GREAT GOD,The power of faith is not found in trying to make ourselves spiritually impressive. Our confidence rests in the greatness and faithfulness of God.,“If you have faith as small as a mustard seed…”
scripture-02-16,02-16,47,Matthew 18:4,draft,Matthew 18:1–5,NIV,https://www.biblegateway.com/passage/?search=Matthew%2018%3A1-5&version=NIV,Jesus’ Teachings — Synoptic Gospels,HUMBLE YOURSELF,"The Kingdom reverses the world’s definition of greatness. Jesus honors humility, dependence, and a heart that does not continually seek status.",“Whoever takes the lowly position of this child…”
scripture-02-17,02-17,48,Matthew 18:14,draft,Matthew 18:10–14,NIV,https://www.biblegateway.com/passage/?search=Matthew%2018%3A10-14&version=NIV,Jesus’ Teachings — Synoptic Gospels,THE FATHER CARES FOR THE ONE,Every person matters to the Father. We should never become so focused on crowds that we stop caring about the individual who has wandered away.,“Your Father in heaven is not willing that any … should perish.”
scripture-02-18,02-18,49,Matthew 18:15,draft,Matthew 18:15–20,NIV,https://www.biblegateway.com/passage/?search=Matthew%2018%3A15-20&version=NIV,Jesus’ Teachings — Synoptic Gospels,GO TO THEM FIRST,"Jesus teaches restoration rather than gossip. When possible, address problems personally, humbly, and with the goal of restoring relationship.","“If your brother or sister sins, go and point out their fault…”"
scripture-02-19,02-19,50,Matthew 18:21–22,draft,Matthew 18:21–35,NIV,https://www.biblegateway.com/passage/?search=Matthew%2018%3A21-35&version=NIV,Jesus’ Teachings — Synoptic Gospels,KEEP FORGIVING,Forgiveness is not meant to be a rare exception in the Christian life. People who continually receive God’s mercy should become people who continually extend mercy.,"“Not seven times, but seventy-seven times.”"
scripture-02-20,02-20,51,Matthew 19:4–6,draft,Matthew 19:1–9,NIV,https://www.biblegateway.com/passage/?search=Matthew%2019%3A1-9&version=NIV,Jesus’ Teachings — Synoptic Gospels,HONOR GOD’S DESIGN FOR MARRIAGE,"Jesus points marriage back to the Father’s design from creation. Marriage is worthy of faithfulness, protection, sacrifice, and honor.","“What God has joined together, let no one separate.”"
scripture-02-21,02-21,52,Matthew 19:14,draft,Matthew 19:13–15,NIV,https://www.biblegateway.com/passage/?search=Matthew%2019%3A13-15&version=NIV,Jesus’ Teachings — Synoptic Gospels,BRING THE CHILDREN TO JESUS,"Children are not secondary to the Kingdom. Jesus welcomes them. Our responsibility is to bring children toward Christ, teach them Scripture, pray for them, and model faithful discipleship before them.",“Let the little children come to me…”
scripture-02-22,02-22,53,Matthew 19:21,draft,Matthew 19:16–26,NIV,https://www.biblegateway.com/passage/?search=Matthew%2019%3A16-26&version=NIV,Jesus’ Teachings — Synoptic Gospels,DO NOT LET POSSESSIONS OWN YOU,The rich young man discovered that something still held his heart. Jesus exposes whatever competes with wholehearted surrender and invites us to follow Him freely.,"“Then come, follow me.”"
scripture-02-23,02-23,54,Matthew 19:26,draft,Matthew 19:16–30,NIV,https://www.biblegateway.com/passage/?search=Matthew%2019%3A16-30&version=NIV,Jesus’ Teachings — Synoptic Gospels,WITH GOD ALL THINGS ARE POSSIBLE,"Salvation and transformation are not achievements of human strength. What we cannot accomplish ourselves, Yahweh can accomplish by His grace and power.","“With man this is impossible, but with God all things are possible.”"
scripture-02-24,02-24,55,Matthew 20:26–28,draft,Matthew 20:20–28,NIV,https://www.biblegateway.com/passage/?search=Matthew%2020%3A20-28&version=NIV,Jesus’ Teachings — Synoptic Gospels,GREATNESS MEANS SERVING,"Jesus completely reshapes leadership. Kingdom authority is not permission to dominate others. Christlike leadership uses influence to serve, protect, equip, and bless people.",“Whoever wants to become great among you must be your servant.”
scripture-02-25,02-25,56,Matthew 21:22,draft,Matthew 21:18–22,NIV,https://www.biblegateway.com/passage/?search=Matthew%2021%3A18-22&version=NIV,Jesus’ Teachings — Synoptic Gospels,PRAY WITH FAITH,Prayer is an expression of trust in God. Biblical faith does not manipulate God; it confidently brings our needs before the Father while remaining surrendered to His character and will.,"“If you believe, you will receive whatever you ask for in prayer.”"
scripture-02-26,02-26,57,Matthew 22:37,draft,Matthew 22:34–40,NIV,https://www.biblegateway.com/passage/?search=Matthew%2022%3A34-40&version=NIV,Jesus’ Teachings — Synoptic Gospels,LOVE YAHWEH COMPLETELY,"God does not desire a small religious compartment of our lives. Jesus calls us to love Yahweh with our heart, soul, and mind—our entire being.",“Love the Lord your God with all your heart…”
scripture-02-27,02-27,58,Matthew 22:39,draft,Matthew 22:34–40,NIV,https://www.biblegateway.com/passage/?search=Matthew%2022%3A34-40&version=NIV,Jesus’ Teachings — Synoptic Gospels,LOVE YOUR NEIGHBOR,Love for God must become visible in the way we treat people. The person standing before you today may become your opportunity to demonstrate the Father’s heart.,“Love your neighbor as yourself.”
scripture-02-28,02-28,59,Matthew 23:11–12,draft,Matthew 23:1–12,NIV,https://www.biblegateway.com/passage/?search=Matthew%2023%3A1-12&version=NIV,Jesus’ Teachings — Synoptic Gospels,THE GREATEST WILL SERVE,"Jesus warns against pursuing religious status. The closer we walk with Him, the more willing we should become to serve without needing recognition.",“The greatest among you will be your servant.”
scripture-03-01,03-01,60,Matthew 24:42,draft,Matthew 24:36–44,NIV,https://www.biblegateway.com/passage/?search=Matthew%2024%3A36-44&version=NIV,Jesus’ Teachings — Synoptic Gospels,STAY AWAKE,"Jesus does not tell us to spend our lives trying to calculate the date of His return. He tells us to remain awake, faithful, obedient, and prepared.",“Therefore keep watch…”
scripture-03-02,03-02,61,Matthew 25:13,draft,Matthew 25:1–13,NIV,https://www.biblegateway.com/passage/?search=Matthew%2025%3A1-13&version=NIV,Jesus’ Teachings — Synoptic Gospels,BE READY,Jesus calls us to live spiritually awake. Readiness for His return is not about predicting dates; it is about faithfully belonging to Him and living prepared for our King.,“Therefore keep watch…”
scripture-03-03,03-03,62,Matthew 25:21,draft,Matthew 25:14–30,NIV,https://www.biblegateway.com/passage/?search=Matthew%2025%3A14-30&version=NIV,Jesus’ Teachings — Synoptic Gospels,BE FAITHFUL WITH WHAT GOD GIVES YOU,"God has entrusted each of us with time, abilities, opportunities, relationships, and resources. Kingdom stewardship means faithfully using what belongs to Him for His purposes.","“Well done, good and faithful servant!”"
scripture-03-04,03-04,63,Matthew 25:40,draft,Matthew 25:31–46,NIV,https://www.biblegateway.com/passage/?search=Matthew%2025%3A31-46&version=NIV,Jesus’ Teachings — Synoptic Gospels,SERVE JESUS BY SERVING PEOPLE,"Jesus connects our treatment of people with our devotion to Him. Feeding, welcoming, clothing, visiting, and caring for people in need are expressions of Kingdom love.",“…whatever you did for one of the least of these… you did for me.”
scripture-03-05,03-05,64,Matthew 26:39,draft,Matthew 26:36–46,NIV,https://www.biblegateway.com/passage/?search=Matthew%2026%3A36-46&version=NIV,Jesus’ Teachings — Synoptic Gospels,"YOUR WILL, FATHER","Jesus shows us the heart of surrender. We can bring our desires, fears, and pain honestly before the Father while still placing His will above our own.","“…not as I will, but as you will.”"
scripture-03-06,03-06,65,Matthew 26:41,draft,Matthew 26:36–46,NIV,https://www.biblegateway.com/passage/?search=Matthew%2026%3A36-46&version=NIV,Jesus’ Teachings — Synoptic Gospels,WATCH AND PRAY,Spiritual strength requires spiritual alertness. Prayer prepares us before temptation arrives and reminds us that we cannot overcome the weakness of our flesh through determination alone.,“Watch and pray so that you will not fall into temptation.”
scripture-03-07,03-07,66,Matthew 28:19–20,draft,Matthew 28:16–20,NIV,https://www.biblegateway.com/passage/?search=Matthew%2028%3A16-20&version=NIV,Jesus’ Teachings — Synoptic Gospels,GO AND MAKE DISCIPLES,Jesus did not commission His Church merely to gather converts. We are sent to make disciples—baptizing them and teaching them to obey everything Christ commanded.,“Therefore go and make disciples of all nations…”
scripture-03-08,03-08,67,Mark 1:15,draft,Mark 1:14–20,NIV,https://www.biblegateway.com/passage/?search=Mark%201%3A14-20&version=NIV,Jesus’ Teachings — Synoptic Gospels,REPENT AND BELIEVE,"Jesus’ Gospel calls for a response. Repentance turns us away from sin and toward God, while faith places our confidence in the Good News of Jesus Christ.",“Repent and believe the good news!”
scripture-03-09,03-09,68,Mark 2:17,draft,Mark 2:13–17,NIV,https://www.biblegateway.com/passage/?search=Mark%202%3A13-17&version=NIV,Jesus’ Teachings — Synoptic Gospels,JESUS CAME FOR SINNERS,Jesus does not run away from broken people. He came to call sinners. The Church should never become a place where people hide their need for the Savior.,"“It is not the healthy who need a doctor, but the sick.”"
scripture-03-10,03-10,69,Mark 4:20,draft,Mark 4:1–20,NIV,https://www.biblegateway.com/passage/?search=Mark%204%3A1-20&version=NIV,Jesus’ Teachings — Synoptic Gospels,LET THE WORD PRODUCE FRUIT,"God’s Word is meant to produce something within us. Receive Scripture with an open heart and allow truth to reshape your decisions, character, relationships, and priorities.","“…hear the word, accept it, and produce a crop…”"
scripture-03-11,03-11,70,Mark 4:39–40,draft,Mark 4:35–41,NIV,https://www.biblegateway.com/passage/?search=Mark%204%3A35-41&version=NIV,Jesus’ Teachings — Synoptic Gospels,TRUST JESUS IN THE STORM,"The presence of a storm does not mean Jesus has abandoned you. When circumstances seem beyond your control, remember who is in the boat with you.",“Quiet! Be still!”
scripture-03-12,03-12,71,Mark 5:19,draft,Mark 5:1–20,NIV,https://www.biblegateway.com/passage/?search=Mark%205%3A1-20&version=NIV,Jesus’ Teachings — Synoptic Gospels,TELL WHAT THE LORD HAS DONE,Your testimony does not need to be complicated. Tell people what Jesus has done in your life and how His mercy has changed you.,“Tell them how much the Lord has done for you…”
scripture-03-13,03-13,72,Mark 7:21,draft,Mark 7:14–23,NIV,https://www.biblegateway.com/passage/?search=Mark%207%3A14-23&version=NIV,Jesus’ Teachings — Synoptic Gospels,GUARD YOUR HEART,Jesus teaches that our deepest problem is not merely outside of us. Sin reaches into the human heart. We need the transforming work of God from the inside out.,"“For it is from within, out of a person’s heart…”"
scripture-03-14,03-14,73,Mark 8:34,draft,Mark 8:27–38,NIV,https://www.biblegateway.com/passage/?search=Mark%208%3A27-38&version=NIV,Jesus’ Teachings — Synoptic Gospels,DENY YOURSELF AND FOLLOW JESUS,Jesus calls us beyond comfortable Christianity. Discipleship means surrendering the right to make ourselves the center of life and choosing to follow Christ.,“…deny themselves and take up their cross and follow me.”
scripture-03-15,03-15,74,Mark 8:36,draft,Mark 8:34–38,NIV,https://www.biblegateway.com/passage/?search=Mark%208%3A34-38&version=NIV,Jesus’ Teachings — Synoptic Gospels,DO NOT TRADE YOUR SOUL,"Earthly success cannot compensate for spiritual loss. Measure your choices by eternity, not merely by what they can produce today.","“What good is it for someone to gain the whole world, yet forfeit their soul?”"
scripture-03-16,03-16,75,Mark 9:35,draft,Mark 9:33–37,NIV,https://www.biblegateway.com/passage/?search=Mark%209%3A33-37&version=NIV,Jesus’ Teachings — Synoptic Gospels,BECOME A SERVANT,Jesus turns worldly ambition upside down. Kingdom greatness is not measured by how many people serve you but by your willingness to serve others.,"“…must be the very last, and servant of all.”"
scripture-03-17,03-17,76,Mark 9:37,draft,Mark 9:33–37,NIV,https://www.biblegateway.com/passage/?search=Mark%209%3A33-37&version=NIV,Jesus’ Teachings — Synoptic Gospels,WELCOME THOSE JESUS VALUES,Kingdom value is not determined by status. Jesus calls us to welcome and care for people whom the world might easily overlook.,“Whoever welcomes one of these little children in my name welcomes me…”
scripture-03-18,03-18,77,Mark 9:42,draft,Mark 9:42–50,NIV,https://www.biblegateway.com/passage/?search=Mark%209%3A42-50&version=NIV,Jesus’ Teachings — Synoptic Gospels,TAKE YOUR INFLUENCE SERIOUSLY,"Our choices affect other people. Jesus takes seriously the responsibility we carry toward vulnerable and growing believers. Use your influence to lead people toward Him, never away from Him.",“If anyone causes one of these little ones… to stumble…”
scripture-03-19,03-19,78,Mark 10:15,draft,Mark 10:13–16,NIV,https://www.biblegateway.com/passage/?search=Mark%2010%3A13-16&version=NIV,Jesus’ Teachings — Synoptic Gospels,RECEIVE THE KINGDOM LIKE A CHILD,"We enter God’s Kingdom through humble dependence, not spiritual pride. Trust your Father with the openness of a child who knows they need Him.",“…receive the kingdom of God like a little child…”
scripture-03-20,03-20,79,Mark 10:21,draft,Mark 10:17–27,NIV,https://www.biblegateway.com/passage/?search=Mark%2010%3A17-27&version=NIV,Jesus’ Teachings — Synoptic Gospels,RELEASE WHAT HOLDS YOUR HEART,Jesus loved the rich young man enough to expose what possessed his heart. Anything we refuse to surrender can become an obstacle to wholehearted discipleship.,"“…Then come, follow me.”"
scripture-03-21,03-21,80,Mark 10:27,draft,Mark 10:17–31,NIV,https://www.biblegateway.com/passage/?search=Mark%2010%3A17-31&version=NIV,Jesus’ Teachings — Synoptic Gospels,GOD CAN DO THE IMPOSSIBLE,"Salvation, transformation, restoration, and calling ultimately depend upon God’s power rather than human ability.",“All things are possible with God.”
scripture-03-22,03-22,81,Mark 10:45,draft,Mark 10:35–45,NIV,https://www.biblegateway.com/passage/?search=Mark%2010%3A35-45&version=NIV,Jesus’ Teachings — Synoptic Gospels,JESUS CAME TO SERVE,Jesus is our model for leadership. Authority in God’s Kingdom is never an excuse for self-importance; it is an opportunity to serve and sacrifice for others.,"“…the Son of Man did not come to be served, but to serve…”"
scripture-03-23,03-23,82,Mark 11:22,draft,Mark 11:20–25,NIV,https://www.biblegateway.com/passage/?search=Mark%2011%3A20-25&version=NIV,Jesus’ Teachings — Synoptic Gospels,HAVE FAITH IN GOD,"Biblical faith is ultimately faith in God—His character, power, wisdom, and faithfulness. Our confidence is not in our ability to manufacture an outcome.",“Have faith in God.”
scripture-03-24,03-24,83,Mark 11:25,draft,Mark 11:20–25,NIV,https://www.biblegateway.com/passage/?search=Mark%2011%3A20-25&version=NIV,Jesus’ Teachings — Synoptic Gospels,FORGIVE WHEN YOU PRAY,"Prayer and unforgiveness should not comfortably coexist. When you come before the Father, allow Him to expose resentment and help you release those who have hurt you.","“…if you hold anything against anyone, forgive them…”"
scripture-03-25,03-25,84,Mark 12:30,draft,Mark 12:28–34,NIV,https://www.biblegateway.com/passage/?search=Mark%2012%3A28-34&version=NIV,Jesus’ Teachings — Synoptic Gospels,LOVE GOD WITH EVERYTHING,"God does not ask for partial devotion. Love Him with your heart, soul, mind, and strength—with your entire life.",“Love the Lord your God with all your heart…”
scripture-03-26,03-26,85,Mark 12:31,draft,Mark 12:28–34,NIV,https://www.biblegateway.com/passage/?search=Mark%2012%3A28-34&version=NIV,Jesus’ Teachings — Synoptic Gospels,LOVE YOUR NEIGHBOR,Love for God cannot remain invisible. It becomes tangible through the way we treat the people God places around us.,“Love your neighbor as yourself.”
scripture-03-27,03-27,86,Mark 12:43–44,draft,Mark 12:41–44,NIV,https://www.biblegateway.com/passage/?search=Mark%2012%3A41-44&version=NIV,Jesus’ Teachings — Synoptic Gospels,GOD SEES THE SACRIFICE,"God measures generosity differently than people do. He sees the heart, trust, and sacrifice behind what we give.",“…this poor widow has put more into the treasury than all the others.”
scripture-03-28,03-28,87,Mark 13:37,draft,Mark 13:32–37,NIV,https://www.biblegateway.com/passage/?search=Mark%2013%3A32-37&version=NIV,Jesus’ Teachings — Synoptic Gospels,STAY AWAKE,Jesus calls every generation of disciples to spiritual readiness. Our responsibility is not to predict the day but to remain faithful until He comes.,"“What I say to you, I say to everyone: ‘Watch!’”"
scripture-03-29,03-29,88,Mark 14:36,draft,Mark 14:32–42,NIV,https://www.biblegateway.com/passage/?search=Mark%2014%3A32-42&version=NIV,Jesus’ Teachings — Synoptic Gospels,NOT WHAT I WILL,Surrender does not mean pretending difficult circumstances are easy. Jesus honestly expressed His anguish while remaining fully surrendered to the Father’s will.,"“…Yet not what I will, but what you will.”"
scripture-03-30,03-30,89,Mark 14:38,draft,Mark 14:32–42,NIV,https://www.biblegateway.com/passage/?search=Mark%2014%3A32-42&version=NIV,Jesus’ Teachings — Synoptic Gospels,THE SPIRIT IS WILLING,"Good intentions alone are not enough. Recognize your weakness, remain spiritually alert, and depend upon God through prayer.","“The spirit is willing, but the flesh is weak.”"
scripture-03-31,03-31,90,Mark 16:15,draft,Mark 16:9–20,NIV,https://www.biblegateway.com/passage/?search=Mark%2016%3A9-20&version=NIV,Jesus’ Teachings — Synoptic Gospels,PROCLAIM THE GOOD NEWS,"The Good News was never intended to remain inside the walls of a church. Jesus sends His followers outward. Every nation, language, community, and person matters to Him.",“Go into all the world and preach the gospel to all creation.”
scripture-04-01,04-01,91,Luke 4:18–19,draft,Luke 4:14–21,NIV,https://www.biblegateway.com/passage/?search=Luke%204%3A14-21&version=NIV,Jesus’ Teachings — Synoptic Gospels,THE MISSION OF JESUS,"Jesus announced a mission of Good News, freedom, restoration, and hope. As His followers, we should care about the people He cares about and participate in His work in the world.",“The Spirit of the Lord is on me…”
scripture-04-02,04-02,92,Luke 5:11,draft,Luke 5:1–11,NIV,https://www.biblegateway.com/passage/?search=Luke%205%3A1-11&version=NIV,Jesus’ Teachings — Synoptic Gospels,LEAVE THE OLD LIFE AND FOLLOW,"When Jesus called the first disciples, they responded. Following Christ eventually requires us to release whatever prevents wholehearted obedience.",“…they left everything and followed him.”
scripture-04-03,04-03,93,Luke 5:32,draft,Luke 5:27–32,NIV,https://www.biblegateway.com/passage/?search=Luke%205%3A27-32&version=NIV,Jesus’ Teachings — Synoptic Gospels,JESUS CALLS SINNERS TO REPENTANCE,Jesus came for people who need salvation. We should never allow religious pride to make sinners feel that they are beyond the reach of God’s grace.,"“I have not come to call the righteous, but sinners to repentance.”"
scripture-04-04,04-04,94,Luke 6:27–28,draft,Luke 6:27–36,NIV,https://www.biblegateway.com/passage/?search=Luke%206%3A27-36&version=NIV,Jesus’ Teachings — Synoptic Gospels,LOVE THOSE WHO OPPOSE YOU,Jesus calls His followers to a love that cannot be explained by ordinary human retaliation. Pray for those who mistreat you and refuse to allow their behavior to determine the condition of your heart.,"“Love your enemies, do good to those who hate you…”"
scripture-04-05,04-05,95,Luke 6:31,draft,Luke 6:27–36,NIV,https://www.biblegateway.com/passage/?search=Luke%206%3A27-36&version=NIV,Jesus’ Teachings — Synoptic Gospels,TREAT PEOPLE THE WAY YOU WANT TO BE TREATED,"Kingdom love is practical. Before you speak, act, lead, correct, or respond, consider how you would want to be treated in the same situation.",“Do to others as you would have them do to you.”
scripture-04-06,04-06,96,Luke 6:36,draft,Luke 6:27–36,NIV,https://www.biblegateway.com/passage/?search=Luke%206%3A27-36&version=NIV,Jesus’ Teachings — Synoptic Gospels,BE MERCIFUL,Our model for mercy is our heavenly Father. The mercy we have received should increasingly become the mercy we extend to others.,"“Be merciful, just as your Father is merciful.”"
scripture-04-07,04-07,97,Luke 6:37,draft,Luke 6:37–42,NIV,https://www.biblegateway.com/passage/?search=Luke%206%3A37-42&version=NIV,Jesus’ Teachings — Synoptic Gospels,FORGIVE,"Followers of Jesus should resist becoming condemning people. Forgiveness does not call evil good, but it releases our demand to carry bitterness and vengeance.","“Forgive, and you will be forgiven.”"
scripture-04-08,04-08,98,Luke 6:45,draft,Luke 6:43–45,NIV,https://www.biblegateway.com/passage/?search=Luke%206%3A43-45&version=NIV,Jesus’ Teachings — Synoptic Gospels,WHAT FILLS YOUR HEART?,Our words reveal what is growing within us. Ask the Holy Spirit to transform your heart rather than merely helping you manage outward behavior.,“…the mouth speaks what the heart is full of.”
scripture-04-09,04-09,99,Luke 6:46,draft,Luke 6:46–49,NIV,https://www.biblegateway.com/passage/?search=Luke%206%3A46-49&version=NIV,Jesus’ Teachings — Synoptic Gospels,DO WHAT JESUS SAYS,Jesus connects lordship with obedience. Biblical discipleship is not simply agreeing with His teaching; it is bringing everyday life under His authority.,"“Why do you call me, ‘Lord, Lord,’ and do not do what I say?”"
scripture-04-10,04-10,100,Luke 8:15,draft,Luke 8:4–15,NIV,https://www.biblegateway.com/passage/?search=Luke%208%3A4-15&version=NIV,Jesus’ Teachings — Synoptic Gospels,HOLD FAST AND PRODUCE FRUIT,"Spiritual fruit takes perseverance. Receive God’s Word, hold onto it through difficulty, and give the Holy Spirit time to produce lasting change.","“…retain it, and by persevering produce a crop.”"
scripture-04-11,04-11,101,Luke 9:23,draft,Luke 9:18–27,NIV,https://www.biblegateway.com/passage/?search=Luke%209%3A18-27&version=NIV,Jesus’ Teachings — Synoptic Gospels,FOLLOW JESUS DAILY,Discipleship is not one decision followed by a lifetime of self-direction. Every day presents another opportunity to surrender ourselves and follow Jesus.,“…take up their cross daily and follow me.”
scripture-04-12,04-12,102,Luke 9:25,draft,Luke 9:23–27,NIV,https://www.biblegateway.com/passage/?search=Luke%209%3A23-27&version=NIV,Jesus’ Teachings — Synoptic Gospels,DO NOT LOSE WHAT MATTERS MOST,"A successful life without Christ can still become an eternally wasted life. Measure success by faithfulness to Jesus rather than possessions, position, or applause.",“What good is it for someone to gain the whole world…”
scripture-04-13,04-13,103,Luke 9:48,draft,Luke 9:46–48,NIV,https://www.biblegateway.com/passage/?search=Luke%209%3A46-48&version=NIV,Jesus’ Teachings — Synoptic Gospels,KINGDOM GREATNESS LOOKS DIFFERENT,"Jesus overturns our desire for status. In God’s Kingdom, humility and willingness to serve matter more than position.",“…it is the one who is least among you all who is the greatest.”
scripture-04-14,04-14,104,Luke 9:62,draft,Luke 9:57–62,NIV,https://www.biblegateway.com/passage/?search=Luke%209%3A57-62&version=NIV,Jesus’ Teachings — Synoptic Gospels,DO NOT KEEP LOOKING BACK,Jesus calls us forward. Do not continually romanticize the life He called you out of. Keep your eyes upon Christ and remain faithful to what He has placed before you.,“No one who puts a hand to the plow and looks back…”
scripture-04-15,04-15,105,Luke 10:2,draft,Luke 10:1–12,NIV,https://www.biblegateway.com/passage/?search=Luke%2010%3A1-12&version=NIV,Jesus’ Teachings — Synoptic Gospels,THE HARVEST NEEDS WORKERS,Jesus tells us to pray for workers because people are ready to hear the Good News. Pray for the harvest—and remain willing for Jesus to send you.,"“The harvest is plentiful, but the workers are few.”"
scripture-04-16,04-16,106,Luke 10:20,draft,Luke 10:17–24,NIV,https://www.biblegateway.com/passage/?search=Luke%2010%3A17-24&version=NIV,Jesus’ Teachings — Synoptic Gospels,REJOICE THAT YOU BELONG TO GOD,Ministry accomplishments should never become the foundation of our identity. Our deepest joy is that we belong to God.,“…rejoice that your names are written in heaven.”
scripture-04-17,04-17,107,Luke 10:27,draft,Luke 10:25–37,NIV,https://www.biblegateway.com/passage/?search=Luke%2010%3A25-37&version=NIV,Jesus’ Teachings — Synoptic Gospels,LOVE GOD AND YOUR NEIGHBOR,Jesus brings faith back to its center: wholehearted love for God that becomes visible through love for people.,“Love the Lord your God with all your heart…”
scripture-04-18,04-18,108,Luke 10:36–37,draft,Luke 10:25–37,NIV,https://www.biblegateway.com/passage/?search=Luke%2010%3A25-37&version=NIV,Jesus’ Teachings — Synoptic Gospels,GO AND DO LIKEWISE,"The Good Samaritan did more than feel compassion. He stopped, helped, sacrificed, and cared. Kingdom love moves toward hurting people.",“…The one who had mercy on him.”
scripture-04-19,04-19,109,Luke 10:41–42,draft,Luke 10:38–42,NIV,https://www.biblegateway.com/passage/?search=Luke%2010%3A38-42&version=NIV,Jesus’ Teachings — Synoptic Gospels,SIT AT JESUS’ FEET,Serving Jesus should never replace being with Jesus. Do not allow constant activity—even ministry activity—to crowd out your relationship with Him.,“…few things are needed—or indeed only one.”
scripture-04-20,04-20,110,Luke 11:2,draft,Luke 11:1–4,NIV,https://www.biblegateway.com/passage/?search=Luke%2011%3A1-4&version=NIV,Jesus’ Teachings — Synoptic Gospels,"FATHER, TEACH US TO PRAY","Jesus teaches us that prayer begins with relationship. We approach God as Father, honor His holiness, and desire His Kingdom before bringing Him our needs.","“Father, hallowed be your name, your kingdom come.”"
scripture-04-21,04-21,111,Luke 11:9,draft,Luke 11:5–13,NIV,https://www.biblegateway.com/passage/?search=Luke%2011%3A5-13&version=NIV,Jesus’ Teachings — Synoptic Gospels,"KEEP ASKING, SEEKING AND KNOCKING",Jesus encourages persistent prayer. Do not interpret delay as permission to stop seeking the Father.,“Ask and it will be given to you; seek and you will find…”
scripture-04-22,04-22,112,Luke 11:28,draft,Luke 11:27–28,NIV,https://www.biblegateway.com/passage/?search=Luke%2011%3A27-28&version=NIV,Jesus’ Teachings — Synoptic Gospels,HEAR GOD’S WORD AND OBEY IT,Scripture is not merely information to collect. God’s Word should move from our ears into our hearts and then become visible through obedience.,“Blessed rather are those who hear the word of God and obey it.”
scripture-04-23,04-23,113,Luke 12:15,draft,Luke 12:13–21,NIV,https://www.biblegateway.com/passage/?search=Luke%2012%3A13-21&version=NIV,Jesus’ Teachings — Synoptic Gospels,GUARD AGAINST GREED,Jesus warns us against measuring life by what we own. Possessions are temporary; our relationship with God and the way we steward what He gives us have eternal significance.,“Life does not consist in an abundance of possessions.”
scripture-04-24,04-24,114,Luke 12:30,draft,Luke 12:22–31,NIV,https://www.biblegateway.com/passage/?search=Luke%2012%3A22-31&version=NIV,Jesus’ Teachings — Synoptic Gospels,YOUR FATHER KNOWS WHAT YOU NEED,"Anxiety tells us everything depends upon us. Jesus reminds us that we have a Father who knows our needs. Work faithfully, but do not live as though you are alone.",“…your Father knows that you need them.”
scripture-04-25,04-25,115,Luke 12:31,draft,Luke 12:22–34,NIV,https://www.biblegateway.com/passage/?search=Luke%2012%3A22-34&version=NIV,Jesus’ Teachings — Synoptic Gospels,SEEK HIS KINGDOM,"The Kingdom of God should shape our priorities. Ask first what honors the King, then allow everything else in life to find its proper place beneath Him.",“But seek his kingdom…”
scripture-04-26,04-26,116,Luke 12:34,draft,Luke 12:32–34,NIV,https://www.biblegateway.com/passage/?search=Luke%2012%3A32-34&version=NIV,Jesus’ Teachings — Synoptic Gospels,WHERE IS YOUR TREASURE?,"Follow where your time, money, energy, and attention consistently go and you will discover what your heart values. Invest intentionally in what matters eternally.","“For where your treasure is, there your heart will be also.”"
scripture-04-27,04-27,117,Luke 12:40,draft,Luke 12:35–48,NIV,https://www.biblegateway.com/passage/?search=Luke%2012%3A35-48&version=NIV,Jesus’ Teachings — Synoptic Gospels,BE READY FOR THE MASTER,Christ’s return should produce faithful living rather than fear or speculation. Live today in a way that you would be glad for your Master to find you living when He returns.,“You also must be ready…”
scripture-04-28,04-28,118,Luke 12:48,draft,Luke 12:35–48,NIV,https://www.biblegateway.com/passage/?search=Luke%2012%3A35-48&version=NIV,Jesus’ Teachings — Synoptic Gospels,"MUCH GIVEN, MUCH REQUIRED","Blessing brings responsibility. Gifts, influence, knowledge, resources, opportunities, and leadership are entrusted to us for faithful stewardship—not merely personal benefit.","“From everyone who has been given much, much will be demanded…”"
scripture-04-29,04-29,119,Luke 14:11,draft,Luke 14:7–14,NIV,https://www.biblegateway.com/passage/?search=Luke%2014%3A7-14&version=NIV,Jesus’ Teachings — Synoptic Gospels,HUMBLE YOURSELF,God’s Kingdom does not reward self-promotion the way the world often does. Serve faithfully and allow God—not ambition—to determine your place.,“…those who humble themselves will be exalted.”
scripture-04-30,04-30,120,Luke 14:27,draft,Luke 14:25–35,NIV,https://www.biblegateway.com/passage/?search=Luke%2014%3A25-35&version=NIV,Jesus’ Teachings — Synoptic Gospels,COUNT THE COST,"Jesus never presented discipleship as casual Christianity. Following Him requires surrender, perseverance, and a willingness to place Him above everything else.",“Whoever does not carry their cross and follow me cannot be my disciple.”
scripture-05-01,05-01,121,Luke 15:4–6,draft,Luke 15:1–7,NIV,https://www.biblegateway.com/passage/?search=Luke%2015%3A1-7&version=NIV,Jesus’ Teachings — Synoptic Gospels,JESUS SEEKS THE LOST,Jesus reveals the Father’s heart for the one who has wandered. We should never become so comfortable with those already gathered that we stop pursuing those who are lost.,“…go after the lost sheep until he finds it?”
scripture-05-02,05-02,122,Luke 15:7,draft,Luke 15:1–10,NIV,https://www.biblegateway.com/passage/?search=Luke%2015%3A1-10&version=NIV,Jesus’ Teachings — Synoptic Gospels,HEAVEN REJOICES OVER REPENTANCE,Repentance is not something heaven reluctantly accepts. Jesus tells us that heaven rejoices when a sinner turns toward God. Every person matters.,“…rejoicing in heaven over one sinner who repents…”
scripture-05-03,05-03,123,Luke 15:17–20,draft,Luke 15:11–24,NIV,https://www.biblegateway.com/passage/?search=Luke%2015%3A11-24&version=NIV,Jesus’ Teachings — Synoptic Gospels,COME HOME TO THE FATHER,The prodigal finally recognized where his choices had taken him and turned toward home. Repentance is more than regret—it is getting up and returning to the Father.,“I will set out and go back to my father…”
scripture-05-04,05-04,124,Luke 15:20,draft,Luke 15:11–24,NIV,https://www.biblegateway.com/passage/?search=Luke%2015%3A11-24&version=NIV,Jesus’ Teachings — Synoptic Gospels,THE FATHER RUNS TOWARD THE REPENTANT,Jesus shows us a Father whose heart is filled with compassion toward the returning son. Do not allow shame to convince you that repentance will be met with rejection.,“…his father saw him and was filled with compassion for him…”
scripture-05-05,05-05,125,Luke 16:10,draft,Luke 16:1–13,NIV,https://www.biblegateway.com/passage/?search=Luke%2016%3A1-13&version=NIV,Jesus’ Teachings — Synoptic Gospels,FAITHFUL WITH LITTLE,Kingdom character is revealed in small responsibilities. Be faithful with what God has already placed in your hands rather than waiting for something larger before becoming faithful.,“Whoever can be trusted with very little can also be trusted with much…”
scripture-05-06,05-06,126,Luke 16:13,draft,Luke 16:10–15,NIV,https://www.biblegateway.com/passage/?search=Luke%2016%3A10-15&version=NIV,Jesus’ Teachings — Synoptic Gospels,YOU CANNOT SERVE GOD AND MONEY,Money can be a useful servant but a terrible master. Jesus calls us to examine whether our resources serve God’s purposes or whether our pursuit of resources has begun controlling us.,“You cannot serve both God and money.”
scripture-05-07,05-07,127,Luke 17:3–4,draft,Luke 17:1–5,NIV,https://www.biblegateway.com/passage/?search=Luke%2017%3A1-5&version=NIV,Jesus’ Teachings — Synoptic Gospels,FORGIVE AGAIN,Relationships can require repeated forgiveness. Jesus teaches us not to keep a private ledger of offenses while continually receiving mercy ourselves.,"“…if they repent, forgive them.”"
scripture-05-08,05-08,128,Luke 17:5–6,draft,Luke 17:5–10,NIV,https://www.biblegateway.com/passage/?search=Luke%2017%3A5-10&version=NIV,Jesus’ Teachings — Synoptic Gospels,INCREASE OUR FAITH,Faith is not confidence in ourselves. Bring your weakness honestly to Jesus and learn to trust the greatness of the God in whom your faith rests.,"“The apostles said to the Lord, ‘Increase our faith!’”"
scripture-05-09,05-09,129,Luke 17:15–16,draft,Luke 17:11–19,NIV,https://www.biblegateway.com/passage/?search=Luke%2017%3A11-19&version=NIV,Jesus’ Teachings — Synoptic Gospels,REMEMBER TO GIVE THANKS,"Ten received mercy, but one returned in gratitude. Do not become so focused on your next need that you forget to thank God for what He has already done.","“…came back, praising God in a loud voice.”"
scripture-05-10,05-10,130,Luke 18:1,draft,Luke 18:1–8,NIV,https://www.biblegateway.com/passage/?search=Luke%2018%3A1-8&version=NIV,Jesus’ Teachings — Synoptic Gospels,ALWAYS PRAY,"Prayer requires perseverance. When answers seem delayed, continue bringing your requests before God rather than allowing discouragement to silence your prayers.",“…they should always pray and not give up.”
scripture-05-11,05-11,131,Luke 18:13–14,draft,Luke 18:9–14,NIV,https://www.biblegateway.com/passage/?search=Luke%2018%3A9-14&version=NIV,Jesus’ Teachings — Synoptic Gospels,"GOD, HAVE MERCY ON ME","We do not approach God by comparing ourselves with other people. We come humbly, recognizing our need for His mercy and trusting His grace.","“God, have mercy on me, a sinner.”"
scripture-05-12,05-12,132,Luke 18:16–17,draft,Luke 18:15–17,NIV,https://www.biblegateway.com/passage/?search=Luke%2018%3A15-17&version=NIV,Jesus’ Teachings — Synoptic Gospels,RECEIVE THE KINGDOM LIKE A CHILD,God’s Kingdom is received with humble dependence rather than spiritual entitlement. Come to the Father recognizing that you need Him.,“…the kingdom of God belongs to such as these.”
scripture-05-13,05-13,133,Luke 19:10,draft,Luke 19:1–10,NIV,https://www.biblegateway.com/passage/?search=Luke%2019%3A1-10&version=NIV,Jesus’ Teachings — Synoptic Gospels,JESUS CAME TO SEEK AND SAVE,This is the heartbeat of Jesus’ mission. He seeks people who are lost and brings salvation. His Church must never lose that same evangelistic heart.,“For the Son of Man came to seek and to save the lost.”
scripture-05-14,05-14,134,Luke 19:46,draft,Luke 19:45–48,NIV,https://www.biblegateway.com/passage/?search=Luke%2019%3A45-48&version=NIV,Jesus’ Teachings — Synoptic Gospels,MY HOUSE WILL BE A HOUSE OF PRAYER,Prayer is not an optional ministry of God’s people. Jesus calls His house back to communion with God rather than allowing other priorities to replace His presence.,“My house will be a house of prayer…”
scripture-05-15,05-15,135,Luke 20:25,draft,Luke 20:20–26,NIV,https://www.biblegateway.com/passage/?search=Luke%2020%3A20-26&version=NIV,Jesus’ Teachings — Synoptic Gospels,GIVE GOD WHAT BELONGS TO GOD,We bear God’s image. Our entire lives ultimately belong to Him. Give the King more than a religious moment—give Him yourself.,“…give back to God what is God’s.”
scripture-05-16,05-16,136,Luke 22:26–27,draft,Luke 22:24–30,NIV,https://www.biblegateway.com/passage/?search=Luke%2022%3A24-30&version=NIV,Jesus’ Teachings — Synoptic Gospels,SERVE AT THE TABLE,Jesus had all authority yet chose the posture of a servant. Kingdom leadership is not about demanding recognition; it is about using authority for the good of others.,“I am among you as one who serves.”
scripture-05-17,05-17,137,Luke 22:31–32,draft,Luke 22:31–34,NIV,https://www.biblegateway.com/passage/?search=Luke%2022%3A31-34&version=NIV,Jesus’ Teachings — Synoptic Gospels,JESUS PRAYS FOR HIS DISCIPLES,"Peter was about to fail badly, yet Jesus had not abandoned him. Failure does not have to become the end of your story. Christ can restore you and use you to strengthen others.",“But I have prayed for you…”
scripture-05-18,05-18,138,Luke 22:42,draft,Luke 22:39–46,NIV,https://www.biblegateway.com/passage/?search=Luke%2022%3A39-46&version=NIV,Jesus’ Teachings — Synoptic Gospels,"FATHER, YOUR WILL BE DONE",Jesus demonstrates surrendered prayer. We can ask the Father honestly for what we desire while ultimately trusting His wisdom and submitting ourselves to His will.,"“…yet not my will, but yours be done.”"
scripture-05-19,05-19,139,Luke 23:34,draft,Luke 23:32–43,NIV,https://www.biblegateway.com/passage/?search=Luke%2023%3A32-43&version=NIV,Jesus’ Teachings — Synoptic Gospels,"FATHER, FORGIVE THEM","Even from the cross, Jesus demonstrated mercy toward those responsible for His suffering. The cross reveals a forgiveness far deeper than human retaliation.","“Father, forgive them…”"
scripture-05-20,05-20,140,Luke 23:42–43,draft,Luke 23:32–43,NIV,https://www.biblegateway.com/passage/?search=Luke%2023%3A32-43&version=NIV,Jesus’ Teachings — Synoptic Gospels,TODAY YOU WILL BE WITH ME,"The criminal beside Jesus had no lifetime left to repair, achieve, or prove himself. He turned to Christ in faith and received mercy. Salvation rests in Jesus.",“…today you will be with me in paradise.”
scripture-05-21,05-21,141,Luke 24:5–6,draft,Luke 24:1–12,NIV,https://www.biblegateway.com/passage/?search=Luke%2024%3A1-12&version=NIV,Jesus’ Teachings — Synoptic Gospels,HE IS RISEN,The tomb is empty. Jesus did not merely teach us how to live and then die as another religious teacher. He conquered death. Our hope rests in a risen Savior.,“He is not here; he has risen!”
scripture-05-22,05-22,142,Luke 24:27,draft,Luke 24:13–35,NIV,https://www.biblegateway.com/passage/?search=Luke%2024%3A13-35&version=NIV,Jesus’ Teachings — Synoptic Gospels,JESUS OPENS THE SCRIPTURES,The Bible is one unified story pointing toward God’s redemptive work fulfilled in Jesus. Learn to read Scripture with Christ at the center.,“…he explained to them what was said in all the Scriptures concerning himself.”
scripture-05-23,05-23,143,Luke 24:46–47,draft,Luke 24:44–49,NIV,https://www.biblegateway.com/passage/?search=Luke%2024%3A44-49&version=NIV,Jesus’ Teachings — Synoptic Gospels,REPENTANCE FOR ALL NATIONS,The Gospel is for every nation. Christ’s death and resurrection lead to a worldwide invitation: turn to God and receive forgiveness through Jesus.,“…repentance for the forgiveness of sins will be preached in his name to all nations…”
scripture-05-24,05-24,144,Luke 24:49,draft,Luke 24:44–53,NIV,https://www.biblegateway.com/passage/?search=Luke%2024%3A44-53&version=NIV,Jesus’ Teachings — Synoptic Gospels,CLOTHED WITH POWER,Jesus never intended His disciples to accomplish His mission through human ability alone. He promised power from heaven. Ministry must remain dependent upon the Holy Spirit.,“…until you have been clothed with power from on high.”
scripture-05-25,05-25,145,"John 1:1, 14",draft,John 1:1–18,NIV,https://www.biblegateway.com/passage/?search=John%201%3A1-18&version=NIV,"John — Encountering, Knowing & Following Jesus",THE WORD BECAME FLESH,"Jesus did not begin in Bethlehem. John introduces Him as the eternal Word who was with God and was God, who entered human history and lived among us.",“In the beginning was the Word…” “The Word became flesh and made his dwelling among us.”
scripture-05-26,05-26,146,John 1:29,draft,John 1:19–34,NIV,https://www.biblegateway.com/passage/?search=John%201%3A19-34&version=NIV,"John — Encountering, Knowing & Following Jesus",THE LAMB OF GOD,"From the beginning of John’s Gospel, Jesus is identified with God’s answer to humanity’s sin. He came to do what we could never accomplish for ourselves.","“Look, the Lamb of God, who takes away the sin of the world!”"
scripture-05-27,05-27,147,John 1:38–39,draft,John 1:35–42,NIV,https://www.biblegateway.com/passage/?search=John%201%3A35-42&version=NIV,"John — Encountering, Knowing & Following Jesus",COME AND SEE,"Christianity begins with an encounter with Jesus. Before we understand everything, Christ invites us to come near, walk with Him, listen to Him, and discover who He is.","“‘Where are you staying?’ ‘Come,’ he replied, ‘and you will see.’”"
scripture-05-28,05-28,148,John 1:45–46,draft,John 1:43–51,NIV,https://www.biblegateway.com/passage/?search=John%201%3A43-51&version=NIV,"John — Encountering, Knowing & Following Jesus",INVITE SOMEONE ELSE,Philip encountered Jesus and immediately went looking for Nathanael. Evangelism does not always begin with having every answer. Sometimes it begins with a simple invitation: Come and meet Jesus.,“Come and see.”
scripture-05-29,05-29,149,John 3:3,draft,John 3:1–8,NIV,https://www.biblegateway.com/passage/?search=John%203%3A1-8&version=NIV,"John — Encountering, Knowing & Following Jesus",YOU MUST BE BORN AGAIN,Christianity is not merely becoming more religious or improving our behavior. Jesus tells Nicodemus that we need spiritual rebirth—a new life that comes from God.,“…no one can see the kingdom of God unless they are born again.”
scripture-05-30,05-30,150,John 3:16–17,draft,John 3:14–21,NIV,https://www.biblegateway.com/passage/?search=John%203%3A14-21&version=NIV,"John — Encountering, Knowing & Following Jesus",GOD SO LOVED THE WORLD,"At the center of the Gospel is the love of God. The Father sent His Son not because humanity deserved Him, but because God loved the world. Jesus came to save.",“For God so loved the world that he gave his one and only Son…”
scripture-05-31,05-31,151,John 3:20–21,draft,John 3:16–21,NIV,https://www.biblegateway.com/passage/?search=John%203%3A16-21&version=NIV,"John — Encountering, Knowing & Following Jesus",STEP INTO THE LIGHT,"Jesus invites us out of hiding. Walking in the light means allowing God’s truth to expose, correct, heal, and transform every part of our lives.",“…whoever lives by the truth comes into the light…”
scripture-06-01,06-01,152,John 3:30,draft,John 3:22–36,NIV,https://www.biblegateway.com/passage/?search=John%203%3A22-36&version=NIV,"John — Encountering, Knowing & Following Jesus",JESUS MUST BECOME GREATER,"John the Baptist understood that ministry was never supposed to make him the center. Spiritual maturity increasingly makes Jesus greater in our priorities, ambitions, influence, and identity.",“He must become greater; I must become less.”
scripture-06-02,06-02,153,John 4:13–14,draft,John 4:4–26,NIV,https://www.biblegateway.com/passage/?search=John%204%3A4-26&version=NIV,"John — Encountering, Knowing & Following Jesus",JESUS GIVES LIVING WATER,"The world offers many things that temporarily satisfy us, but Jesus reaches the deeper thirst of the human soul. Lasting spiritual life is found in Him.",“…the water I give them will become in them a spring of water…”
scripture-06-03,06-03,154,John 4:23–24,draft,John 4:19–26,NIV,https://www.biblegateway.com/passage/?search=John%204%3A19-26&version=NIV,"John — Encountering, Knowing & Following Jesus",WORSHIP IN SPIRIT AND TRUTH,"Worship is more than music, location, or religious tradition. The Father seeks worship that flows from lives genuinely surrendered to Him and grounded in truth.",“…true worshipers will worship the Father in the Spirit and in truth…”
scripture-06-04,06-04,155,John 4:28–29,draft,John 4:27–42,NIV,https://www.biblegateway.com/passage/?search=John%204%3A27-42&version=NIV,"John — Encountering, Knowing & Following Jesus",COME SEE THE MAN WHO CHANGED MY LIFE,The Samaritan woman did not wait until she understood everything before telling others about Jesus. A transformed life becomes a testimony. Tell people what Christ has done for you.,"“Come, see a man who told me everything I ever did.”"
scripture-06-05,06-05,156,John 4:35,draft,John 4:31–38,NIV,https://www.biblegateway.com/passage/?search=John%204%3A31-38&version=NIV,"John — Encountering, Knowing & Following Jesus",LOOK AT THE HARVEST,"People around us are searching, hurting, questioning, and ready to encounter Jesus. Ask God to help you recognize the spiritual opportunities already standing in front of you.",“Open your eyes and look at the fields! They are ripe for harvest.”
scripture-06-06,06-06,157,John 5:24,draft,John 5:19–30,NIV,https://www.biblegateway.com/passage/?search=John%205%3A19-30&version=NIV,"John — Encountering, Knowing & Following Jesus",CROSS OVER FROM DEATH TO LIFE,"Eternal life is not merely something believers hope to receive someday. Through faith in Christ, we enter a new relationship with God and pass from spiritual death into life.",“…has crossed over from death to life.”
scripture-06-07,06-07,158,John 5:39–40,draft,John 5:31–47,NIV,https://www.biblegateway.com/passage/?search=John%205%3A31-47&version=NIV,"John — Encountering, Knowing & Following Jesus",THE SCRIPTURES POINT TO JESUS,"Biblical knowledge should lead us toward Jesus, not merely toward more information. Read Scripture seeking to know the Father, understand His redemptive story, and follow His Son.",“…These are the very Scriptures that testify about me…”
scripture-06-08,06-08,159,John 6:35,draft,John 6:25–40,NIV,https://www.biblegateway.com/passage/?search=John%206%3A25-40&version=NIV,"John — Encountering, Knowing & Following Jesus",JESUS IS THE BREAD OF LIFE,"Our deepest hunger cannot be satisfied by possessions, success, relationships, or religious activity. Jesus Himself is the source of the life our souls need.",“I am the bread of life.”
scripture-06-09,06-09,160,John 6:68–69,draft,John 6:60–71,NIV,https://www.biblegateway.com/passage/?search=John%206%3A60-71&version=NIV,"John — Encountering, Knowing & Following Jesus",WHERE ELSE WOULD WE GO?,Some teachings of Jesus will challenge us. Peter understood that difficulty was not a reason to abandon Christ. Jesus alone has the words of eternal life.,"“Lord, to whom shall we go? You have the words of eternal life.”"
scripture-06-10,06-10,161,John 7:37–38,draft,John 7:37–39,NIV,https://www.biblegateway.com/passage/?search=John%207%3A37-39&version=NIV,"John — Encountering, Knowing & Following Jesus",COME TO JESUS AND DRINK,Jesus invites spiritually thirsty people to come to Him. We do not have to manufacture spiritual life; we receive from Christ and allow His life to flow through us.,“Let anyone who is thirsty come to me and drink.”
scripture-06-11,06-11,162,John 8:12,draft,John 8:12–20,NIV,https://www.biblegateway.com/passage/?search=John%208%3A12-20&version=NIV,"John — Encountering, Knowing & Following Jesus",JESUS IS THE LIGHT OF THE WORLD,Jesus does more than show us a better path; He is the light we need. Following Him leads us away from spiritual darkness and into the light of life.,“I am the light of the world.”
scripture-06-12,06-12,163,John 8:31–32,draft,John 8:31–38,NIV,https://www.biblegateway.com/passage/?search=John%208%3A31-38&version=NIV,"John — Encountering, Knowing & Following Jesus",HOLD TO JESUS’ TEACHING,"Discipleship requires perseverance in the teachings of Jesus. Truth is not merely something we hear; we remain in it, obey it, and allow it to reshape our lives.","“If you hold to my teaching, you are really my disciples.”"
scripture-06-13,06-13,164,John 8:36,draft,John 8:31–38,NIV,https://www.biblegateway.com/passage/?search=John%208%3A31-38&version=NIV,"John — Encountering, Knowing & Following Jesus",JESUS SETS US FREE,Real freedom is more than escaping consequences. Jesus frees us from the power and mastery of sin so that we can live as people who belong to God.,"“So if the Son sets you free, you will be free indeed.”"
scripture-06-14,06-14,165,John 9:3,draft,John 9:1–12,NIV,https://www.biblegateway.com/passage/?search=John%209%3A1-12&version=NIV,"John — Encountering, Knowing & Following Jesus",SEE WHAT GOD IS DOING,"We will not understand every hardship we encounter. Instead of immediately assigning blame, remain attentive to what God may reveal or accomplish in the middle of broken circumstances.",“…this happened so that the works of God might be displayed in him.”
scripture-06-15,06-15,166,John 10:3–4,draft,John 10:1–10,NIV,https://www.biblegateway.com/passage/?search=John%2010%3A1-10&version=NIV,"John — Encountering, Knowing & Following Jesus",KNOW THE SHEPHERD’S VOICE,"Jesus describes a relationship in which His sheep know and follow their Shepherd. Learn His voice through Scripture, prayer, obedience, and growing familiarity with His character.",“…the sheep listen to his voice.”
scripture-06-16,06-16,167,John 10:10,draft,John 10:7–10,NIV,https://www.biblegateway.com/passage/?search=John%2010%3A7-10&version=NIV,"John — Encountering, Knowing & Following Jesus",JESUS CAME TO GIVE LIFE,The enemy destroys; Jesus gives life. Life in Christ is not a promise that every circumstance becomes easy. It is restored relationship with God and a new life under the care of our Shepherd.,“…I have come that they may have life…”
scripture-06-17,06-17,168,John 10:11,draft,John 10:11–18,NIV,https://www.biblegateway.com/passage/?search=John%2010%3A11-18&version=NIV,"John — Encountering, Knowing & Following Jesus",THE GOOD SHEPHERD,Jesus does not shepherd from a distance. The Good Shepherd loves His sheep sacrificially and ultimately laid down His life for them.,“I am the good shepherd.”
scripture-06-18,06-18,169,John 10:27–28,draft,John 10:22–30,NIV,https://www.biblegateway.com/passage/?search=John%2010%3A22-30&version=NIV,"John — Encountering, Knowing & Following Jesus",MY SHEEP KNOW MY VOICE,"Christianity is a relationship with the Shepherd. He knows His sheep, His sheep learn His voice, and genuine hearing leads to following.","“My sheep listen to my voice; I know them, and they follow me.”"
scripture-06-19,06-19,170,John 11:25–26,draft,John 11:17–27,NIV,https://www.biblegateway.com/passage/?search=John%2011%3A17-27&version=NIV,"John — Encountering, Knowing & Following Jesus",JESUS IS THE RESURRECTION AND THE LIFE,Our hope is not merely that Jesus can improve this life. He holds authority over death itself. Those who trust Him possess a hope that reaches beyond the grave.,“I am the resurrection and the life.”
scripture-06-20,06-20,171,John 12:24–25,draft,John 12:20–28,NIV,https://www.biblegateway.com/passage/?search=John%2012%3A20-28&version=NIV,"John — Encountering, Knowing & Following Jesus",THE GRAIN OF WHEAT,Jesus uses the picture of a seed to describe the path toward fruitfulness. Kingdom life involves surrendering self-centered living so that something greater can grow.,“…unless a kernel of wheat falls to the ground and dies…”
scripture-06-21,06-21,172,John 12:26,draft,John 12:20–28,NIV,https://www.biblegateway.com/passage/?search=John%2012%3A20-28&version=NIV,"John — Encountering, Knowing & Following Jesus",FOLLOW AND SERVE JESUS,Christian service cannot be separated from following Christ. Ministry should flow out of relationship with Jesus rather than becoming a substitute for that relationship.,“Whoever serves me must follow me…”
scripture-06-22,06-22,173,John 13:14–15,draft,John 13:1–17,NIV,https://www.biblegateway.com/passage/?search=John%2013%3A1-17&version=NIV,"John — Encountering, Knowing & Following Jesus",JESUS WASHES FEET,"Jesus demonstrated leadership by taking the place of a servant. No title, position, gifting, or ministry calling should ever make us too important to serve people.",“…you also should wash one another’s feet.”
scripture-06-23,06-23,174,John 13:34,draft,John 13:31–35,NIV,https://www.biblegateway.com/passage/?search=John%2013%3A31-35&version=NIV,"John — Encountering, Knowing & Following Jesus",LOVE ONE ANOTHER,"Jesus becomes the standard for Christian love. We are called to love one another with the same sacrificial, patient, serving love He has shown us.","“As I have loved you, so you must love one another.”"
scripture-06-24,06-24,175,John 13:35,draft,John 13:31–35,NIV,https://www.biblegateway.com/passage/?search=John%2013%3A31-35&version=NIV,"John — Encountering, Knowing & Following Jesus",LOVE IDENTIFIES THE DISCIPLE,Jesus says the world should recognize His disciples by their love for one another. Biblical truth and spiritual gifting should produce people who increasingly resemble Christ in love.,“By this everyone will know that you are my disciples…”
scripture-06-25,06-25,176,John 14:1,draft,John 14:1–7,NIV,https://www.biblegateway.com/passage/?search=John%2014%3A1-7&version=NIV,"John — Encountering, Knowing & Following Jesus",DO NOT LET YOUR HEART BE TROUBLED,Jesus spoke these words as His disciples faced uncertainty. Our peace does not depend upon knowing everything that will happen. We place our trust in God and in Christ.,“Do not let your hearts be troubled.”
scripture-06-26,06-26,177,John 14:6,draft,John 14:1–7,NIV,https://www.biblegateway.com/passage/?search=John%2014%3A1-7&version=NIV,"John — Encountering, Knowing & Following Jesus",JESUS IS THE WAY,"Jesus does not simply point toward salvation as one teacher among many. He identifies Himself as the way to the Father, the truth we need, and the source of eternal life.",“I am the way and the truth and the life.”
scripture-06-27,06-27,178,John 14:9,draft,John 14:8–14,NIV,https://www.biblegateway.com/passage/?search=John%2014%3A8-14&version=NIV,"John — Encountering, Knowing & Following Jesus",SHOW US THE FATHER,"If you want to understand the Father’s heart, look closely at Jesus. His compassion, holiness, truth, mercy, justice, and sacrificial love reveal the Father to us.",“Anyone who has seen me has seen the Father.”
scripture-06-28,06-28,179,John 14:15,draft,John 14:15–24,NIV,https://www.biblegateway.com/passage/?search=John%2014%3A15-24&version=NIV,"John — Encountering, Knowing & Following Jesus",LOVE JESUS THROUGH OBEDIENCE,"Jesus connects love with obedience. We do not obey Him to earn His love; because we love Him, we increasingly desire to live according to what He teaches.","“If you love me, keep my commands.”"
scripture-06-29,06-29,180,John 14:16–17,draft,John 14:15–21,NIV,https://www.biblegateway.com/passage/?search=John%2014%3A15-21&version=NIV,"John — Encountering, Knowing & Following Jesus",THE FATHER GIVES THE HELPER,Jesus did not intend His followers to live the Christian life through human strength alone. The Father gives the Holy Spirit—the Spirit of truth—to remain with His people and help them follow Christ.,“…he will give you another advocate to help you and be with you forever…”
scripture-06-30,06-30,181,John 14:18,draft,John 14:15–21,NIV,https://www.biblegateway.com/passage/?search=John%2014%3A15-21&version=NIV,"John — Encountering, Knowing & Following Jesus",YOU ARE NOT AN ORPHAN,"Jesus does not save us and then abandon us to figure out the Christian life alone. Through the Holy Spirit, God remains present with His people. You belong to the Father, and you are not spiritually abandoned.",“I will not leave you as orphans…”
scripture-07-01,07-01,182,John 14:26,draft,John 14:25–27,NIV,https://www.biblegateway.com/passage/?search=John%2014%3A25-27&version=NIV,"John — Encountering, Knowing & Following Jesus",THE HOLY SPIRIT WILL TEACH YOU,"The Holy Spirit does not lead us away from Jesus’ teaching. He helps us understand, remember, and faithfully live what Christ has spoken.",“…the Holy Spirit… will teach you…”
scripture-07-02,07-02,183,John 14:27,draft,John 14:25–31,NIV,https://www.biblegateway.com/passage/?search=John%2014%3A25-31&version=NIV,"John — Encountering, Knowing & Following Jesus",RECEIVE THE PEACE OF JESUS,"Christ’s peace is not dependent upon perfect circumstances. Even when life around us is uncertain, our hearts can rest in the One who remains faithful.",“Peace I leave with you…”
scripture-07-03,07-03,184,John 15:4,draft,John 15:1–8,NIV,https://www.biblegateway.com/passage/?search=John%2015%3A1-8&version=NIV,"John — Encountering, Knowing & Following Jesus",REMAIN IN JESUS,"Christianity is not sustained by occasional encounters with God. Jesus calls us to remain connected to Him—daily, continually, relationally.","“Remain in me, as I also remain in you.”"
scripture-07-04,07-04,185,John 15:5,draft,John 15:1–8,NIV,https://www.biblegateway.com/passage/?search=John%2015%3A1-8&version=NIV,"John — Encountering, Knowing & Following Jesus",APART FROM JESUS WE CAN DO NOTHING,"Spiritual fruit is not produced by human determination alone. Our strength, character, ministry, and lasting fruitfulness flow from abiding in Christ.",“…apart from me you can do nothing.”
scripture-07-05,07-05,186,John 15:8,draft,John 15:1–8,NIV,https://www.biblegateway.com/passage/?search=John%2015%3A1-8&version=NIV,"John — Encountering, Knowing & Following Jesus",BEAR MUCH FRUIT,The Father desires lives that produce lasting spiritual fruit. Fruit is not about drawing attention to ourselves—it demonstrates that we are becoming faithful disciples of Jesus.,“…that you bear much fruit…”
scripture-07-06,07-06,187,John 15:9,draft,John 15:9–17,NIV,https://www.biblegateway.com/passage/?search=John%2015%3A9-17&version=NIV,"John — Encountering, Knowing & Following Jesus",REMAIN IN HIS LOVE,Jesus does not call us merely to work for Him. He calls us to live from the security of being loved by Him.,“Now remain in my love.”
scripture-07-07,07-07,188,John 15:12,draft,John 15:9–17,NIV,https://www.biblegateway.com/passage/?search=John%2015%3A9-17&version=NIV,"John — Encountering, Knowing & Following Jesus",LOVE AS JESUS LOVED,"Jesus Himself becomes the standard for Christian love. His love serves, sacrifices, forgives, tells the truth, and seeks the good of others.",“Love each other as I have loved you.”
scripture-07-08,07-08,189,John 15:16,draft,John 15:9–17,NIV,https://www.biblegateway.com/passage/?search=John%2015%3A9-17&version=NIV,"John — Encountering, Knowing & Following Jesus",CHOSEN TO BEAR LASTING FRUIT,Jesus calls His disciples into lives of lasting Kingdom impact. Our goal is not temporary recognition but fruit that continues influencing people toward Christ.,“…go and bear fruit—fruit that will last…”
scripture-07-09,07-09,190,John 15:18,draft,John 15:18–25,NIV,https://www.biblegateway.com/passage/?search=John%2015%3A18-25&version=NIV,"John — Encountering, Knowing & Following Jesus",EXPECT OPPOSITION,"Faithful discipleship will not always receive approval. Jesus prepares us to remain loving, courageous, and faithful even when following Him becomes unpopular.",“If the world hates you…”
scripture-07-10,07-10,191,John 15:26,draft,John 15:26–27,NIV,https://www.biblegateway.com/passage/?search=John%2015%3A26-27&version=NIV,"John — Encountering, Knowing & Following Jesus",THE SPIRIT TESTIFIES ABOUT JESUS,"The Holy Spirit continually points people toward Jesus Christ. Spirit-led ministry should therefore make Jesus greater, not the messenger.",“…he will testify about me.”
scripture-07-11,07-11,192,John 15:27,draft,John 15:26–27,NIV,https://www.biblegateway.com/passage/?search=John%2015%3A26-27&version=NIV,"John — Encountering, Knowing & Following Jesus",YOU ALSO MUST TESTIFY,"The Holy Spirit witnesses about Christ, and Jesus calls His followers to become witnesses as well. Your testimony is part of God’s mission.",“And you also must testify…”
scripture-07-12,07-12,193,John 16:8,draft,John 16:5–11,NIV,https://www.biblegateway.com/passage/?search=John%2016%3A5-11&version=NIV,"John — Encountering, Knowing & Following Jesus",THE SPIRIT CONVICTS,"We can faithfully proclaim the Gospel, but we cannot manufacture conviction in another person’s heart. That is the work of the Holy Spirit.",“…he will prove the world to be in the wrong…”
scripture-07-13,07-13,194,John 16:13,draft,John 16:12–15,NIV,https://www.biblegateway.com/passage/?search=John%2016%3A12-15&version=NIV,"John — Encountering, Knowing & Following Jesus",THE SPIRIT GUIDES INTO TRUTH,The Holy Spirit leads God’s people into truth. His guidance will never compete with the Scriptures or draw attention away from Jesus.,“…the Spirit of truth… will guide you…”
scripture-07-14,07-14,195,John 16:14,draft,John 16:12–15,NIV,https://www.biblegateway.com/passage/?search=John%2016%3A12-15&version=NIV,"John — Encountering, Knowing & Following Jesus",THE HOLY SPIRIT GLORIFIES JESUS,One of the clearest marks of the Holy Spirit’s work is that Jesus Christ is honored. True spiritual ministry should continually point people toward Him.,“He will glorify me…”
scripture-07-15,07-15,196,John 16:33,draft,John 16:25–33,NIV,https://www.biblegateway.com/passage/?search=John%2016%3A25-33&version=NIV,"John — Encountering, Knowing & Following Jesus",TAKE HEART,Jesus never promised a life without trouble. He promised that trouble would never have the final word because He has already overcome the world.,“Take heart! I have overcome the world.”
scripture-07-16,07-16,197,John 17:3,draft,John 17:1–5,NIV,https://www.biblegateway.com/passage/?search=John%2017%3A1-5&version=NIV,"John — Encountering, Knowing & Following Jesus",KNOWING GOD IS ETERNAL LIFE,Eternal life is not merely endless existence. Jesus describes it relationally—knowing the Father and His Son.,“…that they know you… and Jesus Christ…”
scripture-07-17,07-17,198,John 17:18,draft,John 17:13–19,NIV,https://www.biblegateway.com/passage/?search=John%2017%3A13-19&version=NIV,"John — Encountering, Knowing & Following Jesus",SENT INTO THE WORLD,Jesus does not save us so we can withdraw from everyone who needs Him. We are sent into the world as faithful representatives of Christ.,“I have sent them into the world.”
scripture-07-18,07-18,199,John 17:17,draft,John 17:13–19,NIV,https://www.biblegateway.com/passage/?search=John%2017%3A13-19&version=NIV,"John — Encountering, Knowing & Following Jesus",SANCTIFIED BY TRUTH,"God’s truth is not merely meant to inform us. It continually shapes, corrects, and sets our lives apart for His purposes.",“Sanctify them by the truth…”
scripture-07-19,07-19,200,John 17:21,draft,John 17:20–26,NIV,https://www.biblegateway.com/passage/?search=John%2017%3A20-26&version=NIV,"John — Encountering, Knowing & Following Jesus",JESUS PRAYED FOR OUR UNITY,Christian unity is more than organizational cooperation. Jesus prayed for a unity rooted in the Father and Son that becomes a testimony to the world.,“…that all of them may be one…”
scripture-07-20,07-20,201,John 19:30,draft,John 19:28–37,NIV,https://www.biblegateway.com/passage/?search=John%2019%3A28-37&version=NIV,"John — Encountering, Knowing & Following Jesus",IT IS FINISHED,"Jesus completed the work the Father had given Him. At the cross, the price of redemption was not partially paid. Christ willingly gave Himself for us.",“It is finished.”
scripture-07-21,07-21,202,John 20:8–9,draft,John 20:1–10,NIV,https://www.biblegateway.com/passage/?search=John%2020%3A1-10&version=NIV,"John — Encountering, Knowing & Following Jesus",THE TOMB IS EMPTY,Christianity stands upon a risen Savior. The resurrection declares that sin and death did not defeat Jesus.,“…he saw and believed.”
scripture-07-22,07-22,203,John 20:16,draft,John 20:11–18,NIV,https://www.biblegateway.com/passage/?search=John%2020%3A11-18&version=NIV,"John — Encountering, Knowing & Following Jesus",JESUS KNOWS YOUR NAME,Mary’s grief changed when the risen Jesus called her by name. The resurrected Christ is not distant—He knows His people personally.,"“Jesus said to her, ‘Mary.’”"
scripture-07-23,07-23,204,John 20:21,draft,John 20:19–23,NIV,https://www.biblegateway.com/passage/?search=John%2020%3A19-23&version=NIV,"John — Encountering, Knowing & Following Jesus",AS THE FATHER SENT JESUS,Salvation leads to mission. The risen Jesus sends His disciples to continue representing Him in the world.,"“As the Father has sent me, I am sending you.”"
scripture-07-24,07-24,205,John 20:29,draft,John 20:24–31,NIV,https://www.biblegateway.com/passage/?search=John%2020%3A24-31&version=NIV,"John — Encountering, Knowing & Following Jesus",BLESSED ARE THOSE WHO BELIEVE,"We have not physically stood in the upper room with the risen Christ, yet the apostolic testimony invites us to place our faith in Him.",“…blessed are those who have not seen and yet have believed.”
scripture-07-25,07-25,206,John 21:15,draft,John 21:15–19,NIV,https://www.biblegateway.com/passage/?search=John%2021%3A15-19&version=NIV,"John — Encountering, Knowing & Following Jesus",DO YOU LOVE JESUS?,"After Peter’s failure, Jesus did not discard him. He restored him around the question of love and then returned him to his calling.",“…do you love me?”
scripture-07-26,07-26,207,John 21:17,draft,John 21:15–19,NIV,https://www.biblegateway.com/passage/?search=John%2021%3A15-19&version=NIV,"John — Encountering, Knowing & Following Jesus",FEED MY SHEEP,"Loving Jesus leads us toward caring for the people He loves. Spiritual leadership should feed, protect, encourage, and strengthen Christ’s flock.",“Feed my sheep.”
scripture-07-27,07-27,208,John 21:19,draft,John 21:15–22,NIV,https://www.biblegateway.com/passage/?search=John%2021%3A15-22&version=NIV,"John — Encountering, Knowing & Following Jesus",FOLLOW ME,"Jesus ends Peter’s restoration with the same invitation that began discipleship: follow Me. Whatever has happened before, the call remains.","“Then he said to him, ‘Follow me!’”"
scripture-07-28,07-28,209,Acts 1:4–5,draft,Acts 1:1–8,NIV,https://www.biblegateway.com/passage/?search=Acts%201%3A1-8&version=NIV,"Acts — Holy Spirit, Evangelism & the Church",WAIT FOR THE FATHER’S GIFT,"Jesus did not send His disciples into mission before preparing them spiritually. There are moments when obedience means going, and moments when obedience means waiting upon God.",“…wait for the gift my Father promised…”
scripture-07-29,07-29,210,Acts 1:8,draft,Acts 1:1–8,NIV,https://www.biblegateway.com/passage/?search=Acts%201%3A1-8&version=NIV,"Acts — Holy Spirit, Evangelism & the Church",POWER TO BE HIS WITNESSES,"The Holy Spirit empowers the Church for Christ’s mission. The purpose of His power is not spiritual status—it is faithful witness, beginning where we are and extending to the ends of the earth.",“But you will receive power when the Holy Spirit comes on you…”
scripture-07-30,07-30,211,Acts 1:14,draft,Acts 1:12–14,NIV,https://www.biblegateway.com/passage/?search=Acts%201%3A12-14&version=NIV,"Acts — Holy Spirit, Evangelism & the Church",UNITED IN PRAYER,"Before the early Church moved in power, it gathered in prayer. Unity and dependence upon God prepared the disciples for what came next.",“They all joined together constantly in prayer…”
scripture-07-31,07-31,212,Acts 2:1–4,draft,Acts 2:1–13,NIV,https://www.biblegateway.com/passage/?search=Acts%202%3A1-13&version=NIV,"Acts — Holy Spirit, Evangelism & the Church",PENTECOST,The promised Holy Spirit came upon the gathered disciples and empowered them for witness. The Church was never meant to depend upon human strength alone.,“All of them were filled with the Holy Spirit…”
scripture-08-01,08-01,213,Acts 2:17,draft,Acts 2:14–21,NIV,https://www.biblegateway.com/passage/?search=Acts%202%3A14-21&version=NIV,"Acts — Holy Spirit, Evangelism & the Church",THE SPIRIT FOR ALL,"The outpouring of the Holy Spirit is not restricted to one age group, class, or nation. God equips His people broadly for His purposes.",“I will pour out my Spirit on all people.”
scripture-08-02,08-02,214,Acts 2:21,draft,Acts 2:14–21,NIV,https://www.biblegateway.com/passage/?search=Acts%202%3A14-21&version=NIV,"Acts — Holy Spirit, Evangelism & the Church",CALL ON THE LORD,The Gospel invitation is open. Salvation is found by turning to the Lord in faith.,“Everyone who calls on the name of the Lord will be saved.”
scripture-08-03,08-03,215,Acts 2:24,draft,Acts 2:22–36,NIV,https://www.biblegateway.com/passage/?search=Acts%202%3A22-36&version=NIV,"Acts — Holy Spirit, Evangelism & the Church",JESUS IS RISEN,The resurrection stands at the center of the apostolic message. Death could not hold Jesus.,“God raised him from the dead…”
scripture-08-04,08-04,216,Acts 2:36,draft,Acts 2:22–36,NIV,https://www.biblegateway.com/passage/?search=Acts%202%3A22-36&version=NIV,"Acts — Holy Spirit, Evangelism & the Church",JESUS IS LORD AND MESSIAH,"The crucified and risen Jesus is not merely a teacher. He is Lord and Messiah, worthy of our faith and obedience.",“God has made this Jesus… both Lord and Messiah.”
scripture-08-05,08-05,217,Acts 2:38,draft,Acts 2:36–41,NIV,https://www.biblegateway.com/passage/?search=Acts%202%3A36-41&version=NIV,"Acts — Holy Spirit, Evangelism & the Church",REPENT AND BE BAPTIZED,"The Gospel calls for a response. Repentance turns us toward God, and baptism publicly identifies us with Jesus Christ.",“Repent and be baptized…”
scripture-08-06,08-06,218,Acts 2:42,draft,Acts 2:42–47,NIV,https://www.biblegateway.com/passage/?search=Acts%202%3A42-47&version=NIV,"Acts — Holy Spirit, Evangelism & the Church",DEVOTED DISCIPLES,"Healthy discipleship includes Scripture, fellowship, shared life, prayer, and worship. Growth is not meant to happen in isolation.",“They devoted themselves to the apostles’ teaching…”
scripture-08-07,08-07,219,Acts 2:44–45,draft,Acts 2:42–47,NIV,https://www.biblegateway.com/passage/?search=Acts%202%3A42-47&version=NIV,"Acts — Holy Spirit, Evangelism & the Church",GENEROUS COMMUNITY,The Gospel changed how the first believers viewed possessions and one another. Kingdom community looks for practical ways to care for real needs.,“All the believers were together…”
scripture-08-08,08-08,220,Acts 3:6,draft,Acts 3:1–10,NIV,https://www.biblegateway.com/passage/?search=Acts%203%3A1-10&version=NIV,"Acts — Holy Spirit, Evangelism & the Church",GIVE WHAT YOU HAVE,Peter did not focus on what he lacked. He ministered from what Christ had entrusted to him. Faithful service begins with surrendering what is already in your hands.,“What I do have I give you.”
scripture-08-09,08-09,221,Acts 3:19,draft,Acts 3:11–26,NIV,https://www.biblegateway.com/passage/?search=Acts%203%3A11-26&version=NIV,"Acts — Holy Spirit, Evangelism & the Church",REPENT AND TURN TO GOD,Repentance is a real turning. We leave the direction of sin and return toward the God who offers forgiveness and renewal.,"“Repent, then, and turn to God…”"
scripture-08-10,08-10,222,Acts 4:12,draft,Acts 4:5–12,NIV,https://www.biblegateway.com/passage/?search=Acts%204%3A5-12&version=NIV,"Acts — Holy Spirit, Evangelism & the Church",SALVATION IN JESUS,The apostles proclaimed Jesus clearly. Salvation is not found in many competing paths; it is found in Christ.,“Salvation is found in no one else…”
scripture-08-11,08-11,223,Acts 4:13,draft,Acts 4:5–13,NIV,https://www.biblegateway.com/passage/?search=Acts%204%3A5-13&version=NIV,"Acts — Holy Spirit, Evangelism & the Church",THEY HAD BEEN WITH JESUS,Peter and John were not impressive because of status or education. Their courage revealed that they had been with Jesus.,“…they took note that these men had been with Jesus.”
scripture-08-12,08-12,224,Acts 4:20,draft,Acts 4:13–22,NIV,https://www.biblegateway.com/passage/?search=Acts%204%3A13-22&version=NIV,"Acts — Holy Spirit, Evangelism & the Church",WE CANNOT KEEP QUIET,A real encounter with Jesus creates a testimony. The apostles could not pretend Christ had not changed them.,“We cannot help speaking about what we have seen and heard.”
scripture-08-13,08-13,225,Acts 4:29,draft,Acts 4:23–31,NIV,https://www.biblegateway.com/passage/?search=Acts%204%3A23-31&version=NIV,"Acts — Holy Spirit, Evangelism & the Church",PRAY FOR BOLDNESS,"When opposition came, the Church did not merely pray for comfort. They prayed for courage to keep proclaiming Christ.",“Enable your servants to speak your word with great boldness.”
scripture-08-14,08-14,226,Acts 4:31,draft,Acts 4:23–31,NIV,https://www.biblegateway.com/passage/?search=Acts%204%3A23-31&version=NIV,"Acts — Holy Spirit, Evangelism & the Church",FILLED AGAIN,The early believers continued depending upon the Holy Spirit after Pentecost. We also need ongoing dependence upon His presence and power.,“They were all filled with the Holy Spirit…”
scripture-08-15,08-15,227,Acts 5:29,draft,Acts 5:27–32,NIV,https://www.biblegateway.com/passage/?search=Acts%205%3A27-32&version=NIV,"Acts — Holy Spirit, Evangelism & the Church",OBEY GOD,"Our highest allegiance belongs to God. When human demands directly conflict with obedience to Christ, the disciple remains faithful to God.",“We must obey God rather than human beings!”
scripture-08-16,08-16,228,Acts 5:42,draft,Acts 5:40–42,NIV,https://www.biblegateway.com/passage/?search=Acts%205%3A40-42&version=NIV,"Acts — Holy Spirit, Evangelism & the Church",NEVER STOP TEACHING JESUS,Opposition did not silence the early disciples. Their message remained centered on Jesus.,“…they never stopped teaching and proclaiming the good news that Jesus is the Messiah.”
scripture-08-17,08-17,229,Acts 6:3,draft,Acts 6:1–7,NIV,https://www.biblegateway.com/passage/?search=Acts%206%3A1-7&version=NIV,"Acts — Holy Spirit, Evangelism & the Church","SPIRIT, WISDOM AND CHARACTER","Kingdom responsibility should be entrusted to people whose character, wisdom, and dependence upon the Holy Spirit are evident.",“…known to be full of the Spirit and wisdom.”
scripture-08-18,08-18,230,Acts 7:60,draft,Acts 7:54–60,NIV,https://www.biblegateway.com/passage/?search=Acts%207%3A54-60&version=NIV,"Acts — Holy Spirit, Evangelism & the Church",FORGIVE EVEN IN SUFFERING,Stephen reflected the heart of Jesus even while being killed. The Holy Spirit can produce forgiveness that human strength alone cannot explain.,"“Lord, do not hold this sin against them.”"
scripture-08-19,08-19,231,Acts 8:4,draft,Acts 8:1–8,NIV,https://www.biblegateway.com/passage/?search=Acts%208%3A1-8&version=NIV,"Acts — Holy Spirit, Evangelism & the Church",TAKE THE WORD WHEREVER YOU GO,"Persecution scattered the believers, but it did not stop the Gospel. Wherever God places you can become a mission field.",“…preached the word wherever they went.”
scripture-08-20,08-20,232,Acts 8:29,draft,Acts 8:26–40,NIV,https://www.biblegateway.com/passage/?search=Acts%208%3A26-40&version=NIV,"Acts — Holy Spirit, Evangelism & the Church",GO TO THE ONE,Philip left a successful ministry setting to follow the Holy Spirit toward one individual. Never underestimate what God may do through one obedient conversation.,"“The Spirit told Philip, ‘Go to that chariot and stay near it.’”"
scripture-08-21,08-21,233,Acts 8:35,draft,Acts 8:26–40,NIV,https://www.biblegateway.com/passage/?search=Acts%208%3A26-40&version=NIV,"Acts — Holy Spirit, Evangelism & the Church",BEGIN WITH SCRIPTURE AND TELL THEM ABOUT JESUS,"Biblical evangelism brings people from Scripture to Jesus. Listen carefully, meet people where they are, and faithfully point them toward Christ.",“…Philip began with that very passage of Scripture and told him the good news about Jesus.”
scripture-08-22,08-22,234,Acts 8:36–38,draft,Acts 8:26–40,NIV,https://www.biblegateway.com/passage/?search=Acts%208%3A26-40&version=NIV,"Acts — Holy Spirit, Evangelism & the Church",RESPOND IN BAPTISM,The Ethiopian responded to the Gospel with faith and baptism. Biblical faith moves toward visible obedience.,"“Look, here is water. What can stand in the way of my being baptized?”"
scripture-08-23,08-23,235,Acts 9:4–6,draft,Acts 9:1–19,NIV,https://www.biblegateway.com/passage/?search=Acts%209%3A1-19&version=NIV,"Acts — Holy Spirit, Evangelism & the Church",JESUS CAN CHANGE YOUR DIRECTION,Saul was moving confidently in the wrong direction until he encountered Jesus. No past is too deeply established for Christ to interrupt and redeem.,"“Saul, Saul, why do you persecute me?”"
scripture-08-24,08-24,236,Acts 9:15,draft,Acts 9:10–19,NIV,https://www.biblegateway.com/passage/?search=Acts%209%3A10-19&version=NIV,"Acts — Holy Spirit, Evangelism & the Church",GOD CAN USE THE PERSON YOU FEAR,Ananias knew Saul by his reputation. God knew Saul by his redeemed purpose. Be careful not to define people only by who they used to be.,“This man is my chosen instrument…”
scripture-08-25,08-25,237,Acts 9:20,draft,Acts 9:19–31,NIV,https://www.biblegateway.com/passage/?search=Acts%209%3A19-31&version=NIV,"Acts — Holy Spirit, Evangelism & the Church",BEGIN TELLING PEOPLE ABOUT JESUS,Paul did not need to know everything before he could testify about Jesus. Begin with what you know: Christ has changed your life.,“At once he began to preach…”
scripture-08-26,08-26,238,Acts 9:31,draft,Acts 9:31,NIV,https://www.biblegateway.com/passage/?search=Acts%209%3A31&version=NIV,"Acts — Holy Spirit, Evangelism & the Church",A CHURCH STRENGTHENED BY THE SPIRIT,Healthy churches combine reverence for God with encouragement from the Holy Spirit. Strength and growth should remain centered upon Him.,“…living in the fear of the Lord and encouraged by the Holy Spirit…”
scripture-08-27,08-27,239,Acts 10:34–35,draft,Acts 10:34–48,NIV,https://www.biblegateway.com/passage/?search=Acts%2010%3A34-48&version=NIV,"Acts — Holy Spirit, Evangelism & the Church",GOD SHOWS NO FAVORITISM,"The Gospel crosses ethnic, cultural, national, and social boundaries. We must never build walls around people whom God is inviting toward Himself.",“God does not show favoritism…”
scripture-08-28,08-28,240,Acts 10:43,draft,Acts 10:34–48,NIV,https://www.biblegateway.com/passage/?search=Acts%2010%3A34-48&version=NIV,"Acts — Holy Spirit, Evangelism & the Church",FORGIVENESS THROUGH JESUS,Peter’s message to Cornelius brought the Gospel into a Gentile home: forgiveness is available through faith in Jesus Christ.,“…everyone who believes in him receives forgiveness of sins through his name.”
scripture-08-29,08-29,241,Acts 10:44–45,draft,Acts 10:34–48,NIV,https://www.biblegateway.com/passage/?search=Acts%2010%3A34-48&version=NIV,"Acts — Holy Spirit, Evangelism & the Church",THE HOLY SPIRIT FOR ALL PEOPLE,"While Peter was still speaking, the Holy Spirit came upon Gentile believers. God was making it unmistakably clear that the Gospel and the gift of the Spirit were not restricted to one nation or people.",“The Holy Spirit came on all…”
scripture-08-30,08-30,242,Acts 11:17,draft,Acts 11:1–18,NIV,https://www.biblegateway.com/passage/?search=Acts%2011%3A1-18&version=NIV,"Acts — Holy Spirit, Evangelism & the Church",DO NOT STAND IN GOD’S WAY,"Peter had to allow God to reshape some of his assumptions. When Yahweh clearly welcomes people we once considered outsiders, our responsibility is to follow His heart rather than preserve our prejudices.",“…who was I to think…”
scripture-08-31,08-31,243,Acts 11:25–26,draft,Acts 11:19–26,NIV,https://www.biblegateway.com/passage/?search=Acts%2011%3A19-26&version=NIV,"Acts — Holy Spirit, Evangelism & the Church",DISCIPLES NEED TEACHING,"Evangelism and discipleship belong together. People need the Gospel, but after receiving Christ they also need teaching, community, and intentional spiritual formation.",“…taught great numbers of people.”
scripture-09-01,09-01,244,Acts 12:5,draft,Acts 12:1–17,NIV,https://www.biblegateway.com/passage/?search=Acts%2012%3A1-17&version=NIV,"Acts — Holy Spirit, Evangelism & the Church",THE CHURCH PRAYED EARNESTLY,"When Peter was imprisoned, the Church responded together in prayer. Crisis should not merely produce panic; it should drive God’s people toward Him.",“…the church was earnestly praying…”
scripture-09-02,09-02,245,Acts 13:2–3,draft,Acts 13:1–5,NIV,https://www.biblegateway.com/passage/?search=Acts%2013%3A1-5&version=NIV,"Acts — Holy Spirit, Evangelism & the Church",CALLED AND SENT,"As believers worshiped and fasted, the Holy Spirit directed the Church to send Barnabas and Saul. Calling is not primarily about obtaining a title. It is about hearing God and becoming available for His assignment.",“Set apart for me Barnabas and Saul…”
scripture-09-03,09-03,246,Acts 13:38–39,draft,Acts 13:26–41,NIV,https://www.biblegateway.com/passage/?search=Acts%2013%3A26-41&version=NIV,"Acts — Holy Spirit, Evangelism & the Church",FORGIVENESS THROUGH JESUS,"The Gospel announces what human effort cannot achieve. Through Jesus Christ, forgiveness and freedom are offered to those who believe.",“…forgiveness of sins is proclaimed…”
scripture-09-04,09-04,247,Acts 13:47,draft,Acts 13:44–49,NIV,https://www.biblegateway.com/passage/?search=Acts%2013%3A44-49&version=NIV,"Acts — Holy Spirit, Evangelism & the Church",A LIGHT FOR THE NATIONS,God’s heart has always reached beyond one geographic place. His saving message is intended to reach the ends of the earth.,“I have made you a light…”
scripture-09-05,09-05,248,Acts 14:21–22,draft,Acts 14:21–28,NIV,https://www.biblegateway.com/passage/?search=Acts%2014%3A21-28&version=NIV,"Acts — Holy Spirit, Evangelism & the Church",STRENGTHEN THE DISCIPLES,Paul and Barnabas did not simply preach and leave. They returned to strengthen believers and encourage perseverance. Gospel ministry should produce disciples who are prepared to endure.,“…strengthening the disciples…”
scripture-09-06,09-06,249,Acts 15:11,draft,Acts 15:5–11,NIV,https://www.biblegateway.com/passage/?search=Acts%2015%3A5-11&version=NIV,"Acts — Holy Spirit, Evangelism & the Church",SAVED BY GRACE,Salvation is not a reward for religious performance. Peter reminds the Church that Jews and Gentiles alike are saved through the grace of the Lord Jesus.,“…saved through the grace…”
scripture-09-07,09-07,250,Acts 16:25,draft,Acts 16:16–34,NIV,https://www.biblegateway.com/passage/?search=Acts%2016%3A16-34&version=NIV,"Acts — Holy Spirit, Evangelism & the Church",WORSHIP IN THE MIDNIGHT HOUR,Paul and Silas worshiped while imprisoned. Worship does not require perfect circumstances. Sometimes one of the strongest declarations of faith is praising God before the situation changes.,“…praying and singing hymns…”
scripture-09-08,09-08,251,Acts 16:30–31,draft,Acts 16:25–34,NIV,https://www.biblegateway.com/passage/?search=Acts%2016%3A25-34&version=NIV,"Acts — Holy Spirit, Evangelism & the Church",WHAT MUST I DO TO BE SAVED?,"When the jailer asked the most important question of his life, Paul and Silas pointed him directly to Jesus. Salvation rests upon faith in Christ.",“Believe in the Lord Jesus…”
scripture-09-09,09-09,252,Acts 17:11,draft,Acts 17:10–15,NIV,https://www.biblegateway.com/passage/?search=Acts%2017%3A10-15&version=NIV,"Acts — Holy Spirit, Evangelism & the Church",EXAMINE THE SCRIPTURES,The Bereans eagerly received teaching while also testing what they heard against Scripture. Healthy faith is both teachable and discerning.,“…examined the Scriptures every day…”
scripture-09-10,09-10,253,Acts 17:28,draft,Acts 17:22–31,NIV,https://www.biblegateway.com/passage/?search=Acts%2017%3A22-31&version=NIV,"Acts — Holy Spirit, Evangelism & the Church",IN HIM WE LIVE,Our lives are not independent from God. Our very existence depends upon the Creator who made us and calls us to seek Him.,“For in him we live…”
scripture-09-11,09-11,254,Acts 20:24,draft,Acts 20:17–24,NIV,https://www.biblegateway.com/passage/?search=Acts%2020%3A17-24&version=NIV,"Acts — Holy Spirit, Evangelism & the Church",FINISH THE RACE,Paul valued finishing Christ’s assignment more than preserving personal comfort. Faithfulness means continuing until the work entrusted to us is complete.,“…finish the race…”
scripture-09-12,09-12,255,Acts 20:35,draft,Acts 20:32–38,NIV,https://www.biblegateway.com/passage/?search=Acts%2020%3A32-38&version=NIV,"Acts — Holy Spirit, Evangelism & the Church",IT IS MORE BLESSED TO GIVE,Kingdom living moves us away from constant self-focus. Jesus teaches His followers to become generous people who look for opportunities to help the weak.,“It is more blessed to give…”
scripture-09-13,09-13,256,Romans 1:16,draft,Romans 1:16–17,NIV,https://www.biblegateway.com/passage/?search=Romans%201%3A16-17&version=NIV,"Romans–Galatians — Grace, Identity & Spirit-Led Life",UNASHAMED OF THE GOSPEL,The Gospel is not something believers should hide or soften because culture finds it uncomfortable. God uses the Good News of Jesus Christ to bring salvation.,“I am not ashamed of the gospel…”
scripture-09-14,09-14,257,Romans 3:23,draft,Romans 3:21–26,NIV,https://www.biblegateway.com/passage/?search=Romans%203%3A21-26&version=NIV,"Romans–Galatians — Grace, Identity & Spirit-Led Life",ALL HAVE SINNED,The Gospel begins with honesty about the human condition. None of us reaches God’s standard through our own righteousness. Every person needs grace.,“For all have sinned…”
scripture-09-15,09-15,258,Romans 3:24,draft,Romans 3:21–26,NIV,https://www.biblegateway.com/passage/?search=Romans%203%3A21-26&version=NIV,"Romans–Galatians — Grace, Identity & Spirit-Led Life",JUSTIFIED BY GRACE,Salvation cannot be purchased through good works. God justifies sinners by grace through the redemption accomplished in Jesus Christ.,“…justified freely by his grace…”
scripture-09-16,09-16,259,Romans 5:1,draft,Romans 5:1–11,NIV,https://www.biblegateway.com/passage/?search=Romans%205%3A1-11&version=NIV,"Romans–Galatians — Grace, Identity & Spirit-Led Life",PEACE WITH GOD,"Through faith in Jesus Christ, hostility between sinful humanity and a holy God is replaced by reconciliation and peace.",“…we have peace with God…”
scripture-09-17,09-17,260,Romans 5:8,draft,Romans 5:6–11,NIV,https://www.biblegateway.com/passage/?search=Romans%205%3A6-11&version=NIV,"Romans–Galatians — Grace, Identity & Spirit-Led Life",GOD DEMONSTRATED HIS LOVE,God did not wait for us to become worthy before loving us. The cross demonstrates His love toward people who desperately needed mercy.,“…while we were still sinners…”
scripture-09-18,09-18,261,Romans 6:4,draft,Romans 6:1–14,NIV,https://www.biblegateway.com/passage/?search=Romans%206%3A1-14&version=NIV,"Romans–Galatians — Grace, Identity & Spirit-Led Life",WALK IN NEW LIFE,"Salvation is more than forgiveness of the past. Through Christ, believers are called into a new way of living.",“…live a new life.”
scripture-09-19,09-19,262,Romans 6:14,draft,Romans 6:11–14,NIV,https://www.biblegateway.com/passage/?search=Romans%206%3A11-14&version=NIV,"Romans–Galatians — Grace, Identity & Spirit-Led Life",SIN WILL NOT BE YOUR MASTER,"Grace is not permission to remain enslaved to sin. In Christ, the controlling power of sin has been broken and we learn to live under a new Master.",“Sin shall no longer be your master…”
scripture-09-20,09-20,263,Romans 6:23,draft,Romans 6:20–23,NIV,https://www.biblegateway.com/passage/?search=Romans%206%3A20-23&version=NIV,"Romans–Galatians — Grace, Identity & Spirit-Led Life",THE GIFT OF GOD,"Sin earns death, but eternal life cannot be earned. It is God’s gift through Jesus Christ our Lord.",“…the gift of God is eternal life…”
scripture-09-21,09-21,264,Romans 8:1,draft,Romans 8:1–4,NIV,https://www.biblegateway.com/passage/?search=Romans%208%3A1-4&version=NIV,"Romans–Galatians — Grace, Identity & Spirit-Led Life",NO CONDEMNATION,Those who belong to Christ are not called to live permanently under the sentence of their past. Jesus has changed our standing before God.,“…no condemnation for those who are in Christ Jesus…”
scripture-09-22,09-22,265,Romans 8:5–6,draft,Romans 8:5–11,NIV,https://www.biblegateway.com/passage/?search=Romans%208%3A5-11&version=NIV,"Romans–Galatians — Grace, Identity & Spirit-Led Life",SET YOUR MIND ON THE SPIRIT,Spiritual transformation includes learning where we consistently direct our thoughts and desires. Allow the Holy Spirit to reshape the way you think.,“…minds set on what the Spirit desires.”
scripture-09-23,09-23,266,Romans 8:11,draft,Romans 8:9–17,NIV,https://www.biblegateway.com/passage/?search=Romans%208%3A9-17&version=NIV,"Romans–Galatians — Grace, Identity & Spirit-Led Life",RESURRECTION POWER LIVES IN YOU,The Holy Spirit who raised Jesus from the dead lives in God’s people. The Christian life is therefore not meant to be lived through natural strength alone.,“…the Spirit of him who raised Jesus…”
scripture-09-24,09-24,267,Romans 8:14,draft,Romans 8:12–17,NIV,https://www.biblegateway.com/passage/?search=Romans%208%3A12-17&version=NIV,"Romans–Galatians — Grace, Identity & Spirit-Led Life",CHILDREN OF GOD,"Our identity is not rooted primarily in occupation, wealth, status, or past failure. Those who belong to Christ are welcomed into the Father’s family and led by His Spirit.",“…those who are led by the Spirit of God are the children of God.”
scripture-09-25,09-25,268,Romans 8:16–17,draft,Romans 8:14–17,NIV,https://www.biblegateway.com/passage/?search=Romans%208%3A14-17&version=NIV,"Romans–Galatians — Grace, Identity & Spirit-Led Life",CHILDREN AND HEIRS,"This truth reaches directly into the heart of Kingdom Heirs. Through Christ, we are not spiritual outsiders trying to earn a place. We are children received into the family of God and heirs according to His promise.","“…we are God’s children. Now if we are children, then we are heirs…”"
scripture-09-26,09-26,269,Romans 8:26,draft,Romans 8:22–27,NIV,https://www.biblegateway.com/passage/?search=Romans%208%3A22-27&version=NIV,"Romans–Galatians — Grace, Identity & Spirit-Led Life",THE SPIRIT HELPS US IN OUR WEAKNESS,There will be moments when you do not even know how to pray. You are not alone in those moments. The Holy Spirit helps us in our weakness.,“The Spirit helps us in our weakness.”
scripture-09-27,09-27,270,Romans 8:38–39,draft,Romans 8:31–39,NIV,https://www.biblegateway.com/passage/?search=Romans%208%3A31-39&version=NIV,"Romans–Galatians — Grace, Identity & Spirit-Led Life",NOTHING CAN SEPARATE YOU FROM HIS LOVE,Circumstances change. People disappoint us. Trials come. But none of those things can separate God’s children from the love He has revealed in Jesus Christ.,“…nothing… will be able to separate us from the love of God…”
scripture-09-28,09-28,271,Romans 10:9–10,draft,Romans 10:8–13,NIV,https://www.biblegateway.com/passage/?search=Romans%2010%3A8-13&version=NIV,"Romans–Galatians — Grace, Identity & Spirit-Led Life",CONFESS JESUS AS LORD,The Gospel calls us to place our faith in the risen Jesus and confess Him as Lord. Salvation is not merely agreeing that Jesus existed—it is trusting Him and surrendering to His lordship.,"“If you declare with your mouth, ‘Jesus is Lord’…”"
scripture-09-29,09-29,272,Romans 10:13,draft,Romans 10:9–13,NIV,https://www.biblegateway.com/passage/?search=Romans%2010%3A9-13&version=NIV,"Romans–Galatians — Grace, Identity & Spirit-Led Life",EVERYONE WHO CALLS ON JESUS,"The Gospel invitation crosses every human boundary. No nationality, background, social position, or past places someone beyond the invitation to call upon Jesus.",“Everyone who calls on the name of the Lord will be saved.”
scripture-09-30,09-30,273,Romans 10:14,draft,Romans 10:13–17,NIV,https://www.biblegateway.com/passage/?search=Romans%2010%3A13-17&version=NIV,"Romans–Galatians — Grace, Identity & Spirit-Led Life",SOMEONE MUST TELL THEM,People need someone willing to tell them the Good News. Evangelism is not reserved for a small group of specialists. Every disciple can help someone encounter Jesus.,“…how can they believe in the one of whom they have not heard?”
scripture-10-01,10-01,274,Romans 10:17,draft,Romans 10:14–17,NIV,https://www.biblegateway.com/passage/?search=Romans%2010%3A14-17&version=NIV,"Romans–Galatians — Grace, Identity & Spirit-Led Life",FAITH COMES BY HEARING,God’s Word matters in evangelism and discipleship. We do not merely offer people our opinions. We faithfully bring them the message concerning Christ.,“…faith comes from hearing the message…”
scripture-10-02,10-02,275,Romans 12:1,draft,Romans 12:1–2,NIV,https://www.biblegateway.com/passage/?search=Romans%2012%3A1-2&version=NIV,"Romans–Galatians — Grace, Identity & Spirit-Led Life",OFFER YOUR LIFE TO GOD,"Worship is larger than what happens during a church service. God desires our entire lives—our bodies, choices, work, relationships, resources, and ambitions—to become an offering to Him.",“…offer your bodies as a living sacrifice…”
scripture-10-03,10-03,276,Romans 12:2,draft,Romans 12:1–2,NIV,https://www.biblegateway.com/passage/?search=Romans%2012%3A1-2&version=NIV,"Romans–Galatians — Grace, Identity & Spirit-Led Life",TRANSFORM YOUR THINKING,"Following Jesus changes the way we think. Instead of allowing the patterns of the world to continually shape us, we allow God’s truth to renew our minds.",“…be transformed by the renewing of your mind.”
scripture-10-04,10-04,277,Romans 12:4–5,draft,Romans 12:3–8,NIV,https://www.biblegateway.com/passage/?search=Romans%2012%3A3-8&version=NIV,"Romans–Galatians — Grace, Identity & Spirit-Led Life","MANY MEMBERS, ONE BODY",Christianity was never designed as an isolated journey. We belong to Christ and therefore belong to one another. Every member has a place within His Body.,"“…in Christ we, though many, form one body…”"
scripture-10-05,10-05,278,Romans 12:6,draft,Romans 12:3–8,NIV,https://www.biblegateway.com/passage/?search=Romans%2012%3A3-8&version=NIV,"Romans–Galatians — Grace, Identity & Spirit-Led Life",USE THE GIFT GOD GAVE YOU,God does not call every believer to perform the same function. Discover what He has entrusted to you and faithfully use it to strengthen others rather than comparing your calling with theirs.,“We have different gifts…”
scripture-10-06,10-06,279,Romans 12:9–10,draft,Romans 12:9–21,NIV,https://www.biblegateway.com/passage/?search=Romans%2012%3A9-21&version=NIV,"Romans–Galatians — Grace, Identity & Spirit-Led Life",LOVE MUST BE SINCERE,"Kingdom love is not performance. God calls us to genuine affection, honor, goodness, and devotion toward one another.",“Love must be sincere.”
scripture-10-07,10-07,280,Romans 12:21,draft,Romans 12:14–21,NIV,https://www.biblegateway.com/passage/?search=Romans%2012%3A14-21&version=NIV,"Romans–Galatians — Grace, Identity & Spirit-Led Life",OVERCOME EVIL WITH GOOD,Followers of Jesus do not allow another person’s evil to determine who they become. We resist evil without becoming like it.,"“Do not be overcome by evil, but overcome evil with good.”"
scripture-10-08,10-08,281,Romans 13:10,draft,Romans 13:8–10,NIV,https://www.biblegateway.com/passage/?search=Romans%2013%3A8-10&version=NIV,"Romans–Galatians — Grace, Identity & Spirit-Led Life",LOVE FULFILLS THE LAW,Biblical love seeks another person’s true good. Our treatment of people should increasingly reflect the heart and character of Christ.,“Love does no harm to a neighbor.”
scripture-10-09,10-09,282,Romans 14:17,draft,Romans 14:13–19,NIV,https://www.biblegateway.com/passage/?search=Romans%2014%3A13-19&version=NIV,"Romans–Galatians — Grace, Identity & Spirit-Led Life",THE KINGDOM IS MORE THAN TALK,"God’s Kingdom cannot be reduced to arguments over secondary matters. Kingdom life should produce righteousness, peace, and joy through the Holy Spirit.","“…righteousness, peace and joy in the Holy Spirit…”"
scripture-10-10,10-10,283,Romans 15:2,draft,Romans 15:1–7,NIV,https://www.biblegateway.com/passage/?search=Romans%2015%3A1-7&version=NIV,"Romans–Galatians — Grace, Identity & Spirit-Led Life",BUILD UP YOUR NEIGHBOR,"Spiritual maturity moves us beyond constantly asking what pleases us. Ask how your words, decisions, and freedoms can strengthen another person.",“…build them up.”
scripture-10-11,10-11,284,Romans 15:13,draft,Romans 15:7–13,NIV,https://www.biblegateway.com/passage/?search=Romans%2015%3A7-13&version=NIV,"Romans–Galatians — Grace, Identity & Spirit-Led Life",OVERFLOW WITH HOPE,Christian hope is not positive thinking. It is confidence rooted in the God of hope and strengthened by the Holy Spirit.,“…overflow with hope by the power of the Holy Spirit.”
scripture-10-12,10-12,285,1 Corinthians 1:18,draft,1 Corinthians 1:18–25,NIV,https://www.biblegateway.com/passage/?search=1%20Corinthians%201%3A18-25&version=NIV,"Romans–Galatians — Grace, Identity & Spirit-Led Life",THE MESSAGE OF THE CROSS,"The cross may appear foolish according to worldly wisdom, but for those being saved it reveals God’s power. Never allow sophistication to move Jesus’ cross away from the center of the Gospel.",“…the message of the cross…”
scripture-10-13,10-13,286,1 Corinthians 3:6–7,draft,1 Corinthians 3:5–9,NIV,https://www.biblegateway.com/passage/?search=1%20Corinthians%203%3A5-9&version=NIV,"Romans–Galatians — Grace, Identity & Spirit-Led Life",GOD GIVES THE GROWTH,"We faithfully plant and water, but transformation ultimately belongs to God. This keeps ministry workers both diligent and humble.",“…God has been making it grow.”
scripture-10-14,10-14,287,1 Corinthians 6:19–20,draft,1 Corinthians 6:12–20,NIV,https://www.biblegateway.com/passage/?search=1%20Corinthians%206%3A12-20&version=NIV,"Romans–Galatians — Grace, Identity & Spirit-Led Life",YOUR BODY IS GOD’S TEMPLE,"Our bodies matter to God. Because the Holy Spirit dwells within believers, we are called to honor God with how we use our bodies.",“…your bodies are temples of the Holy Spirit…”
scripture-10-15,10-15,288,1 Corinthians 10:31,draft,1 Corinthians 10:23–33,NIV,https://www.biblegateway.com/passage/?search=1%20Corinthians%2010%3A23-33&version=NIV,"Romans–Galatians — Grace, Identity & Spirit-Led Life",LIVE FOR GOD’S GLORY,"Even ordinary decisions can become acts of worship. Ask whether the way you live, work, speak, spend, serve, and lead brings honor to God.",“…do it all for the glory of God.”
scripture-10-16,10-16,289,1 Corinthians 12:4–6,draft,1 Corinthians 12:1–11,NIV,https://www.biblegateway.com/passage/?search=1%20Corinthians%2012%3A1-11&version=NIV,"Romans–Galatians — Grace, Identity & Spirit-Led Life",THE SPIRIT GIVES DIFFERENT GIFTS,The Holy Spirit works through God’s people in different ways. Diversity of gifting should create cooperation rather than competition.,“There are different kinds of gifts…”
scripture-10-17,10-17,290,1 Corinthians 12:7,draft,1 Corinthians 12:4–11,NIV,https://www.biblegateway.com/passage/?search=1%20Corinthians%2012%3A4-11&version=NIV,"Romans–Galatians — Grace, Identity & Spirit-Led Life",GIFTS ARE FOR THE COMMON GOOD,Spiritual gifts are not trophies proving someone’s spiritual importance. The Holy Spirit gives manifestations and abilities so that other people can be strengthened and Christ’s Body can be built up.,“…for the common good.”
scripture-10-18,10-18,291,1 Corinthians 12:12,draft,1 Corinthians 12:12–27,NIV,https://www.biblegateway.com/passage/?search=1%20Corinthians%2012%3A12-27&version=NIV,"Romans–Galatians — Grace, Identity & Spirit-Led Life","ONE BODY, MANY PARTS",No believer carries every gift or assignment. We need one another. Unity does not require sameness; it allows different members to work together under Christ.,"“…one body, though it has many parts…”"
scripture-10-19,10-19,292,1 Corinthians 13:1–3,draft,1 Corinthians 13:1–13,NIV,https://www.biblegateway.com/passage/?search=1%20Corinthians%2013%3A1-13&version=NIV,"Romans–Galatians — Grace, Identity & Spirit-Led Life","WITHOUT LOVE, GIFTS ARE EMPTY","Spiritual power without Christlike love misses God’s heart. Gifts, sacrifice, knowledge, and ministry accomplishment can never replace love.","“…but do not have love, I am nothing.”"
scripture-10-20,10-20,293,1 Corinthians 13:4–7,draft,1 Corinthians 13:4–8,NIV,https://www.biblegateway.com/passage/?search=1%20Corinthians%2013%3A4-8&version=NIV,"Romans–Galatians — Grace, Identity & Spirit-Led Life",WHAT LOVE LOOKS LIKE,"Biblical love is visible through character. It is patient rather than demanding, kind rather than cruel, humble rather than boastful, and persevering rather than easily abandoning people.","“Love is patient, love is kind.”"
scripture-10-21,10-21,294,1 Corinthians 14:1,draft,1 Corinthians 14:1–12,NIV,https://www.biblegateway.com/passage/?search=1%20Corinthians%2014%3A1-12&version=NIV,"Romans–Galatians — Grace, Identity & Spirit-Led Life",PURSUE LOVE AND DESIRE SPIRITUAL GIFTS,Scripture does not force us to choose between spiritual gifts and love. We are instructed to pursue both—with love governing how spiritual gifts are understood and exercised.,“Follow the way of love and eagerly desire gifts of the Spirit…”
scripture-10-22,10-22,295,1 Corinthians 14:12,draft,1 Corinthians 14:6–12,NIV,https://www.biblegateway.com/passage/?search=1%20Corinthians%2014%3A6-12&version=NIV,"Romans–Galatians — Grace, Identity & Spirit-Led Life",BUILD UP THE CHURCH,"Spiritual expression should strengthen Christ’s people. Ask not merely, “Can I do this?” but, “Will this help build others up?”",“…try to excel in those that build up the church.”
scripture-10-23,10-23,296,1 Corinthians 15:3–4,draft,1 Corinthians 15:1–8,NIV,https://www.biblegateway.com/passage/?search=1%20Corinthians%2015%3A1-8&version=NIV,"Romans–Galatians — Grace, Identity & Spirit-Led Life",CHRIST IS RISEN,"The Gospel has an historical center: Jesus died for our sins, was buried, and rose again. Christian hope rests upon what Christ accomplished.",“…Christ died for our sins… he was raised…”
scripture-10-24,10-24,297,1 Corinthians 15:58,draft,1 Corinthians 15:50–58,NIV,https://www.biblegateway.com/passage/?search=1%20Corinthians%2015%3A50-58&version=NIV,"Romans–Galatians — Grace, Identity & Spirit-Led Life",YOUR LABOR IS NOT IN VAIN,"Faithful work for Christ is never wasted. Even when you cannot see immediate results, remain steadfast in what God has called you to do.",“…your labor in the Lord is not in vain.”
scripture-10-25,10-25,298,2 Corinthians 5:17,draft,2 Corinthians 5:14–21,NIV,https://www.biblegateway.com/passage/?search=2%20Corinthians%205%3A14-21&version=NIV,"Romans–Galatians — Grace, Identity & Spirit-Led Life",A NEW CREATION,Your past does not have the authority to define your future in Christ. Jesus does more than repair the old life; He brings us into new life.,"“…if anyone is in Christ, the new creation has come…”"
scripture-10-26,10-26,299,2 Corinthians 5:20,draft,2 Corinthians 5:18–21,NIV,https://www.biblegateway.com/passage/?search=2%20Corinthians%205%3A18-21&version=NIV,"Romans–Galatians — Grace, Identity & Spirit-Led Life",AMBASSADORS FOR CHRIST,Every believer represents a Kingdom and a King. An ambassador does not invent their own message. We faithfully represent Jesus and invite people to be reconciled to God.,“We are therefore Christ’s ambassadors…”
scripture-10-27,10-27,300,Galatians 5:16,draft,Galatians 5:13–26,NIV,https://www.biblegateway.com/passage/?search=Galatians%205%3A13-26&version=NIV,"Romans–Galatians — Grace, Identity & Spirit-Led Life",WALK BY THE SPIRIT,"The Christian life is not sustained by willpower alone. We learn to walk daily under the Holy Spirit’s leadership, allowing Him to reshape our desires and empower obedience.","“So I say, walk by the Spirit…”"
scripture-10-28,10-28,301,Galatians 5:22–23,draft,Galatians 5:16–26,NIV,https://www.biblegateway.com/passage/?search=Galatians%205%3A16-26&version=NIV,"Ephesians–Jude — Equipping, Maturity & Perseverance",THE FRUIT OF THE SPIRIT,Evidence of the Holy Spirit is not limited to spiritual gifts. His work should increasingly transform our character so that our lives resemble Jesus.,"“But the fruit of the Spirit is love, joy, peace…”"
scripture-10-29,10-29,302,Galatians 5:25,draft,Galatians 5:22–26,NIV,https://www.biblegateway.com/passage/?search=Galatians%205%3A22-26&version=NIV,"Ephesians–Jude — Equipping, Maturity & Perseverance",KEEP IN STEP WITH THE SPIRIT,"Following the Spirit is a daily walk. Learn to recognize His leading, test everything by Scripture, and respond with obedience.",“…let us keep in step with the Spirit.”
scripture-10-30,10-30,303,Galatians 6:2,draft,Galatians 6:1–10,NIV,https://www.biblegateway.com/passage/?search=Galatians%206%3A1-10&version=NIV,"Ephesians–Jude — Equipping, Maturity & Perseverance",CARRY ONE ANOTHER’S BURDENS,Discipleship is not lived alone. Kingdom community notices when someone is struggling and helps carry the weight.,“Carry each other’s burdens…”
scripture-10-31,10-31,304,Galatians 6:9,draft,Galatians 6:7–10,NIV,https://www.biblegateway.com/passage/?search=Galatians%206%3A7-10&version=NIV,"Ephesians–Jude — Equipping, Maturity & Perseverance",DO NOT GROW WEARY,Faithfulness can become tiring when results are slow. Keep sowing what is good and entrust the harvest to God.,“Let us not become weary in doing good…”
scripture-11-01,11-01,305,Ephesians 1:3–4,draft,Ephesians 1:3–14,NIV,https://www.biblegateway.com/passage/?search=Ephesians%201%3A3-14&version=NIV,"Ephesians–Jude — Equipping, Maturity & Perseverance",CHOSEN IN CHRIST,"Your identity begins with what God has done in Christ, not with titles, accomplishments, possessions, or other people’s opinions.",“…he chose us in him…”
scripture-11-02,11-02,306,Ephesians 1:5,draft,Ephesians 1:3–14,NIV,https://www.biblegateway.com/passage/?search=Ephesians%201%3A3-14&version=NIV,"Ephesians–Jude — Equipping, Maturity & Perseverance",ADOPTED INTO GOD’S FAMILY,Through Christ we are welcomed into God’s family. The Gospel gives us more than forgiveness—it brings us into relationship with the Father.,“…adoption to sonship through Jesus Christ…”
scripture-11-03,11-03,307,Ephesians 2:8–9,draft,Ephesians 2:1–10,NIV,https://www.biblegateway.com/passage/?search=Ephesians%202%3A1-10&version=NIV,"Ephesians–Jude — Equipping, Maturity & Perseverance",SAVED BY GRACE,Salvation is God’s gift. Good works are not the price we pay to earn His acceptance.,“…it is by grace you have been saved…”
scripture-11-04,11-04,308,Ephesians 2:10,draft,Ephesians 2:8–10,NIV,https://www.biblegateway.com/passage/?search=Ephesians%202%3A8-10&version=NIV,"Ephesians–Jude — Equipping, Maturity & Perseverance",CREATED FOR GOOD WORKS,"We are not saved by good works, but salvation leads us into them. God has purpose for your redeemed life.",“…created in Christ Jesus to do good works…”
scripture-11-05,11-05,309,Ephesians 3:16,draft,Ephesians 3:14–21,NIV,https://www.biblegateway.com/passage/?search=Ephesians%203%3A14-21&version=NIV,"Ephesians–Jude — Equipping, Maturity & Perseverance",STRENGTHENED WITH POWER,God develops disciples from the inside out. Ask the Father to strengthen your inner life through His Spirit.,“…strengthen you with power through his Spirit…”
scripture-11-06,11-06,310,Ephesians 3:17–19,draft,Ephesians 3:14–21,NIV,https://www.biblegateway.com/passage/?search=Ephesians%203%3A14-21&version=NIV,"Ephesians–Jude — Equipping, Maturity & Perseverance",ROOTED IN LOVE,Spiritual maturity must remain rooted in Christ’s love. Knowledge without love can produce pride; truth received deeply should transform the heart.,“…rooted and established in love…”
scripture-11-07,11-07,311,Ephesians 4:1–2,draft,Ephesians 4:1–6,NIV,https://www.biblegateway.com/passage/?search=Ephesians%204%3A1-6&version=NIV,"Ephesians–Jude — Equipping, Maturity & Perseverance",LIVE WORTHY OF YOUR CALLING,"Calling is not merely what you do for God. Character matters. Humility, gentleness, patience, and love should accompany our ministry.",“…live a life worthy of the calling…”
scripture-11-08,11-08,312,Ephesians 4:11,draft,Ephesians 4:7–16,NIV,https://www.biblegateway.com/passage/?search=Ephesians%204%3A7-16&version=NIV,"Ephesians–Jude — Equipping, Maturity & Perseverance",CHRIST GIVES MINISTRY GIFTS,Christ gives different ministry functions to His Church. These callings are not status symbols. They exist to serve Christ’s people and advance His purposes.,"“…apostles, the prophets, the evangelists, the pastors and teachers…”"
scripture-11-09,11-09,313,Ephesians 4:12,draft,Ephesians 4:11–16,NIV,https://www.biblegateway.com/passage/?search=Ephesians%204%3A11-16&version=NIV,"Ephesians–Jude — Equipping, Maturity & Perseverance",EQUIP GOD’S PEOPLE,Ministry leaders are not called to perform all ministry themselves. Their responsibility includes equipping God’s people so the entire Body participates in Christ’s work.,“…to equip his people for works of service…”
scripture-11-10,11-10,314,Ephesians 4:13,draft,Ephesians 4:11–16,NIV,https://www.biblegateway.com/passage/?search=Ephesians%204%3A11-16&version=NIV,"Ephesians–Jude — Equipping, Maturity & Perseverance",GROW INTO MATURITY,God’s goal is not permanent spiritual infancy. Disciples should grow toward maturity and increasingly reflect the fullness of Christ.,“…become mature…”
scripture-11-11,11-11,315,Ephesians 4:15,draft,Ephesians 4:14–16,NIV,https://www.biblegateway.com/passage/?search=Ephesians%204%3A14-16&version=NIV,"Ephesians–Jude — Equipping, Maturity & Perseverance",SPEAK TRUTH IN LOVE,"Truth without love can become harsh, while love without truth can become empty sentiment. Jesus calls us toward both.",“…speaking the truth in love…”
scripture-11-12,11-12,316,Ephesians 5:1–2,draft,Ephesians 5:1–10,NIV,https://www.biblegateway.com/passage/?search=Ephesians%205%3A1-10&version=NIV,"Ephesians–Jude — Equipping, Maturity & Perseverance",WALK IN LOVE,"We imitate our Father by learning to love sacrificially, following the example of Christ.",“…walk in the way of love…”
scripture-11-13,11-13,317,Ephesians 5:18,draft,Ephesians 5:15–21,NIV,https://www.biblegateway.com/passage/?search=Ephesians%205%3A15-21&version=NIV,"Ephesians–Jude — Equipping, Maturity & Perseverance",BE FILLED WITH THE SPIRIT,The Christian life requires continual dependence upon the Holy Spirit. We should seek to live under His influence rather than the controlling influences of this world.,“…be filled with the Spirit…”
scripture-11-14,11-14,318,Ephesians 6:10,draft,Ephesians 6:10–18,NIV,https://www.biblegateway.com/passage/?search=Ephesians%206%3A10-18&version=NIV,"Ephesians–Jude — Equipping, Maturity & Perseverance",BE STRONG IN THE LORD,Spiritual battles cannot be won through human strength alone. Our strength comes from the Lord and His mighty power.,“Be strong in the Lord…”
scripture-11-15,11-15,319,Ephesians 6:11,draft,Ephesians 6:10–18,NIV,https://www.biblegateway.com/passage/?search=Ephesians%206%3A10-18&version=NIV,"Ephesians–Jude — Equipping, Maturity & Perseverance",PUT ON GOD’S ARMOR,"God equips His people with truth, righteousness, the Gospel, faith, salvation, His Word, and prayer so they can stand faithfully against spiritual opposition.",“Put on the full armor of God…”
scripture-11-16,11-16,320,Philippians 1:6,draft,Philippians 1:3–11,NIV,https://www.biblegateway.com/passage/?search=Philippians%201%3A3-11&version=NIV,"Ephesians–Jude — Equipping, Maturity & Perseverance",CHRIST WILL COMPLETE HIS WORK,Spiritual growth is a journey. Trust God as He continues forming Christ’s character within you.,“…he who began a good work in you will carry it on…”
scripture-11-17,11-17,321,Philippians 2:5,draft,Philippians 2:1–11,NIV,https://www.biblegateway.com/passage/?search=Philippians%202%3A1-11&version=NIV,"Ephesians–Jude — Equipping, Maturity & Perseverance",THE MINDSET OF JESUS,Jesus demonstrates humble leadership. Kingdom greatness does not grasp for status; it willingly serves.,“…have the same mindset as Christ Jesus…”
scripture-11-18,11-18,322,Philippians 3:13–14,draft,Philippians 3:7–14,NIV,https://www.biblegateway.com/passage/?search=Philippians%203%3A7-14&version=NIV,"Ephesians–Jude — Equipping, Maturity & Perseverance",PRESS FORWARD,Your past does not have to imprison your future. Continue pursuing Christ and the calling He has placed before you.,“…I press on toward the goal…”
scripture-11-19,11-19,323,Philippians 4:6–7,draft,Philippians 4:4–9,NIV,https://www.biblegateway.com/passage/?search=Philippians%204%3A4-9&version=NIV,"Ephesians–Jude — Equipping, Maturity & Perseverance",PRAY INSTEAD OF LIVING IN ANXIETY,Bring your concerns to God. Prayer does not deny difficulty; it places our burdens before the One who can guard our hearts with His peace.,"“…in every situation, by prayer and petition…”"
scripture-11-20,11-20,324,Philippians 4:8,draft,Philippians 4:4–9,NIV,https://www.biblegateway.com/passage/?search=Philippians%204%3A4-9&version=NIV,"Ephesians–Jude — Equipping, Maturity & Perseverance",SET YOUR MIND ON WHAT IS GOOD,"What repeatedly occupies our minds influences how we live. Train your thoughts toward what is true, honorable, pure, and worthy of praise.",“…whatever is true… think about such things.”
scripture-11-21,11-21,325,Colossians 2:6–7,draft,Colossians 2:6–10,NIV,https://www.biblegateway.com/passage/?search=Colossians%202%3A6-10&version=NIV,"Ephesians–Jude — Equipping, Maturity & Perseverance",ROOTED IN CHRIST,"Receiving Christ is the beginning, not the finish line. Continue walking with Him until your identity, faith, character, and purpose become deeply rooted in Jesus.","“…continue to live your lives in him, rooted and built up in him…”"
scripture-11-22,11-22,326,Colossians 2:9–10,draft,Colossians 2:6–15,NIV,https://www.biblegateway.com/passage/?search=Colossians%202%3A6-15&version=NIV,"Ephesians–Jude — Equipping, Maturity & Perseverance",CHRIST IS ENOUGH,"We do not need spiritual counterfeits or secret additions to complete Jesus. The fullness of God is revealed in Christ, and our life is found in Him.",“…in Christ you have been brought to fullness.”
scripture-11-23,11-23,327,Colossians 3:1–2,draft,Colossians 3:1–11,NIV,https://www.biblegateway.com/passage/?search=Colossians%203%3A1-11&version=NIV,"Ephesians–Jude — Equipping, Maturity & Perseverance",SET YOUR HEART ABOVE,Disciples learn to evaluate earthly priorities through the perspective of Christ and His Kingdom.,“Set your minds on things above…”
scripture-11-24,11-24,328,Colossians 3:12,draft,Colossians 3:12–17,NIV,https://www.biblegateway.com/passage/?search=Colossians%203%3A12-17&version=NIV,"Ephesians–Jude — Equipping, Maturity & Perseverance",PUT ON CHRISTLIKE CHARACTER,"Spiritual maturity becomes visible in character. Compassion, kindness, humility, gentleness, and patience should increasingly mark God’s people.","“…clothe yourselves with compassion, kindness, humility…”"
scripture-11-25,11-25,329,Colossians 3:23–24,draft,Colossians 3:22–24,NIV,https://www.biblegateway.com/passage/?search=Colossians%203%3A22-24&version=NIV,"Ephesians–Jude — Equipping, Maturity & Perseverance","WHATEVER YOU DO, DO IT FOR JESUS",Your workplace can become a place of worship. Serve faithfully because your ultimate Master is Christ.,“…work at it with all your heart…”
scripture-11-26,11-26,330,1 Thessalonians 5:16–18,draft,1 Thessalonians 5:12–24,NIV,https://www.biblegateway.com/passage/?search=1%20Thessalonians%205%3A12-24&version=NIV,"Ephesians–Jude — Equipping, Maturity & Perseverance",PRAY CONTINUALLY,Prayer becomes a way of life as we learn to remain aware of God’s presence throughout ordinary moments.,“Pray continually…”
scripture-11-27,11-27,331,1 Thessalonians 5:19–22,draft,1 Thessalonians 5:19–24,NIV,https://www.biblegateway.com/passage/?search=1%20Thessalonians%205%3A19-24&version=NIV,"Ephesians–Jude — Equipping, Maturity & Perseverance",TEST EVERYTHING,Being open to the Holy Spirit does not mean abandoning discernment. Scripture calls us neither to despise spiritual expression nor accept everything uncritically. Test it and hold tightly to what is good.,“Test them all; hold on to what is good…”
scripture-11-28,11-28,332,2 Timothy 3:16–17,draft,2 Timothy 3:14–17,NIV,https://www.biblegateway.com/passage/?search=2%20Timothy%203%3A14-17&version=NIV,"Ephesians–Jude — Equipping, Maturity & Perseverance",GOD’S WORD EQUIPS YOU,"Scripture teaches, corrects, trains, and equips God’s people. The more responsibility we carry, the more deeply grounded we must remain in His Word.",“All Scripture is God-breathed…”
scripture-11-29,11-29,333,2 Timothy 4:2,draft,2 Timothy 4:1–5,NIV,https://www.biblegateway.com/passage/?search=2%20Timothy%204%3A1-5&version=NIV,"Ephesians–Jude — Equipping, Maturity & Perseverance",PREACH THE WORD,"Faithful ministry does not reshape truth simply to satisfy changing audiences. Remain patient, loving, courageous, and grounded in Scripture.",“Preach the word…”
scripture-11-30,11-30,334,Hebrews 13:8,draft,Hebrews 13:7–9,NIV,https://www.biblegateway.com/passage/?search=Hebrews%2013%3A7-9&version=NIV,"Ephesians–Jude — Equipping, Maturity & Perseverance",JESUS DOES NOT CHANGE,"Cultures, circumstances, and human opinions change. Jesus remains faithful and unchanging.",“Jesus Christ is the same yesterday and today and forever.”
scripture-12-01,12-01,335,Hebrews 4:16,draft,Hebrews 4:14–16,NIV,https://www.biblegateway.com/passage/?search=Hebrews%204%3A14-16&version=NIV,"Ephesians–Jude — Equipping, Maturity & Perseverance",APPROACH GOD WITH CONFIDENCE,"Because of Jesus, we can approach the Father seeking mercy and grace rather than hiding in shame.",“…approach God’s throne of grace with confidence…”
scripture-12-02,12-02,336,Hebrews 10:24–25,draft,Hebrews 10:19–25,NIV,https://www.biblegateway.com/passage/?search=Hebrews%2010%3A19-25&version=NIV,"Ephesians–Jude — Equipping, Maturity & Perseverance",ENCOURAGE ONE ANOTHER,"We need Christian community. Gather, encourage, challenge, and strengthen one another toward faithful living.",“…spur one another on toward love and good deeds…”
scripture-12-03,12-03,337,Hebrews 11:1,draft,Hebrews 11:1–6,NIV,https://www.biblegateway.com/passage/?search=Hebrews%2011%3A1-6&version=NIV,"Ephesians–Jude — Equipping, Maturity & Perseverance",LIVE BY FAITH,Faith trusts God’s character and promises even when we cannot yet see the completed outcome.,“Now faith is confidence in what we hope for…”
scripture-12-04,12-04,338,Hebrews 12:1–2,draft,Hebrews 12:1–3,NIV,https://www.biblegateway.com/passage/?search=Hebrews%2012%3A1-3&version=NIV,"Ephesians–Jude — Equipping, Maturity & Perseverance",RUN YOUR RACE,Lay aside what continually entangles you and keep moving forward with your eyes fixed upon Jesus.,“…run with perseverance the race marked out for us…”
scripture-12-05,12-05,339,James 1:5,draft,James 1:2–8,NIV,https://www.biblegateway.com/passage/?search=James%201%3A2-8&version=NIV,"Ephesians–Jude — Equipping, Maturity & Perseverance",ASK GOD FOR WISDOM,"When you do not know what to do, seek God’s wisdom rather than relying entirely upon your own understanding.","“If any of you lacks wisdom, you should ask God…”"
scripture-12-06,12-06,340,James 1:22,draft,James 1:19–27,NIV,https://www.biblegateway.com/passage/?search=James%201%3A19-27&version=NIV,"Ephesians–Jude — Equipping, Maturity & Perseverance",DO WHAT THE WORD SAYS,Biblical knowledge without obedience can deceive us into believing information equals maturity. Truth must move from our heads into our lives.,“Do not merely listen to the word…”
scripture-12-07,12-07,341,James 2:17,draft,James 2:14–26,NIV,https://www.biblegateway.com/passage/?search=James%202%3A14-26&version=NIV,"Ephesians–Jude — Equipping, Maturity & Perseverance",FAITH SHOULD PRODUCE ACTION,"Genuine faith becomes visible. We are not saved by works, but living faith produces obedience, compassion, and action.","“…faith by itself, if it is not accompanied by action, is dead.”"
scripture-12-08,12-08,342,James 3:9–10,draft,James 3:1–12,NIV,https://www.biblegateway.com/passage/?search=James%203%3A1-12&version=NIV,"Ephesians–Jude — Equipping, Maturity & Perseverance",GUARD YOUR WORDS,The same mouth should not worship God while continually destroying people made in His image. Spiritual maturity includes surrendering our speech to Christ.,“…this should not be.”
scripture-12-09,12-09,343,James 4:7–8,draft,James 4:4–10,NIV,https://www.biblegateway.com/passage/?search=James%204%3A4-10&version=NIV,"Ephesians–Jude — Equipping, Maturity & Perseverance",SUBMIT TO GOD,"Spiritual resistance begins with surrender. Draw near to God, resist the devil, and refuse to give the enemy authority that belongs to Christ.","“Submit yourselves, then, to God…”"
scripture-12-10,12-10,344,James 5:16,draft,James 5:13–20,NIV,https://www.biblegateway.com/passage/?search=James%205%3A13-20&version=NIV,"Ephesians–Jude — Equipping, Maturity & Perseverance",PRAY FOR ONE ANOTHER,"God calls His people into honest, prayerful community. Do not merely talk about someone’s struggle—pray for them.",“…pray for each other…”
scripture-12-11,12-11,345,1 Peter 1:3,draft,1 Peter 1:3–9,NIV,https://www.biblegateway.com/passage/?search=1%20Peter%201%3A3-9&version=NIV,"Ephesians–Jude — Equipping, Maturity & Perseverance",YOU HAVE A LIVING HOPE,"Because Jesus rose from the dead, Christian hope is alive. Our future rests upon the risen Christ.",“…he has given us new birth into a living hope…”
scripture-12-12,12-12,346,1 Peter 2:9,draft,1 Peter 2:4–10,NIV,https://www.biblegateway.com/passage/?search=1%20Peter%202%3A4-10&version=NIV,"Ephesians–Jude — Equipping, Maturity & Perseverance",YOU ARE GOD’S PEOPLE,God gives His people both identity and mission. We belong to Him so that our lives can declare His goodness to a world still living in darkness.,"“…a royal priesthood, a holy nation, God’s special possession…”"
scripture-12-13,12-13,347,1 Peter 3:15,draft,1 Peter 3:13–17,NIV,https://www.biblegateway.com/passage/?search=1%20Peter%203%3A13-17&version=NIV,"Ephesians–Jude — Equipping, Maturity & Perseverance",ALWAYS BE READY,"Be ready to explain the hope you have in Jesus, but do it with gentleness and respect. Evangelism is not about winning arguments; it is about faithfully pointing people toward Christ.",“…always be prepared to give an answer…”
scripture-12-14,12-14,348,1 Peter 4:10,draft,1 Peter 4:7–11,NIV,https://www.biblegateway.com/passage/?search=1%20Peter%204%3A7-11&version=NIV,"Ephesians–Jude — Equipping, Maturity & Perseverance",USE YOUR GIFT TO SERVE OTHERS,Whatever God has entrusted to you is intended for stewardship. Gifts become Kingdom tools when they are used to serve people.,“…use whatever gift you have received to serve others…”
scripture-12-15,12-15,349,1 Peter 5:2–3,draft,1 Peter 5:1–4,NIV,https://www.biblegateway.com/passage/?search=1%20Peter%205%3A1-4&version=NIV,"Ephesians–Jude — Equipping, Maturity & Perseverance",SHEPHERD GOD’S FLOCK,"Spiritual authority is stewardship, not ownership. Kingdom leaders care for God’s people willingly and lead by example rather than domination.",“Be shepherds of God’s flock…”
scripture-12-16,12-16,350,1 Peter 5:7,draft,1 Peter 5:6–11,NIV,https://www.biblegateway.com/passage/?search=1%20Peter%205%3A6-11&version=NIV,"Ephesians–Jude — Equipping, Maturity & Perseverance",CAST YOUR ANXIETY ON GOD,God does not ask you to carry every burden alone. Bring your worries to the Father because His care for you is real.,“Cast all your anxiety on him because he cares for you.”
scripture-12-17,12-17,351,2 Peter 3:18,draft,2 Peter 3:14–18,NIV,https://www.biblegateway.com/passage/?search=2%20Peter%203%3A14-18&version=NIV,"Ephesians–Jude — Equipping, Maturity & Perseverance",GROW IN GRACE,There is always more room to grow. Continue knowing Jesus more deeply while allowing His grace to shape your life.,“…grow in the grace and knowledge of our Lord…”
scripture-12-18,12-18,352,1 John 1:7,draft,1 John 1:5–10,NIV,https://www.biblegateway.com/passage/?search=1%20John%201%3A5-10&version=NIV,"Ephesians–Jude — Equipping, Maturity & Perseverance",WALK IN THE LIGHT,"Following Jesus means refusing a hidden double life. Bring sin into God’s light, receive cleansing, and walk honestly with Him and His people.",“…if we walk in the light…”
scripture-12-19,12-19,353,1 John 1:9,draft,1 John 1:5–10,NIV,https://www.biblegateway.com/passage/?search=1%20John%201%3A5-10&version=NIV,"Ephesians–Jude — Equipping, Maturity & Perseverance",CONFESS YOUR SIN,Followers of Jesus do not need to pretend they never fail. Confession brings our sin honestly before the faithful and forgiving God.,“If we confess our sins…”
scripture-12-20,12-20,354,1 John 3:1,draft,1 John 3:1–3,NIV,https://www.biblegateway.com/passage/?search=1%20John%203%3A1-3&version=NIV,"Ephesians–Jude — Equipping, Maturity & Perseverance",CHILDREN OF GOD,"Your deepest identity is not your occupation, accomplishments, failures, possessions, or reputation. Through Christ, you belong to the Father.",“…that we should be called children of God!”
scripture-12-21,12-21,355,1 John 3:18,draft,1 John 3:16–24,NIV,https://www.biblegateway.com/passage/?search=1%20John%203%3A16-24&version=NIV,"Ephesians–Jude — Equipping, Maturity & Perseverance",LOVE WITH ACTION,Kingdom love becomes tangible. Do not merely tell people that you care; look for practical opportunities to demonstrate it.,“…not love with words or speech but with actions…”
scripture-12-22,12-22,356,1 John 4:1,draft,1 John 4:1–6,NIV,https://www.biblegateway.com/passage/?search=1%20John%204%3A1-6&version=NIV,"Ephesians–Jude — Equipping, Maturity & Perseverance",TEST THE SPIRITS,Not everything presented as spiritual originates from God. Disciples need discernment grounded in Scripture and centered upon the truth about Jesus Christ.,“…test the spirits…”
scripture-12-23,12-23,357,1 John 4:9–10,draft,1 John 4:7–12,NIV,https://www.biblegateway.com/passage/?search=1%20John%204%3A7-12&version=NIV,"Ephesians–Jude — Equipping, Maturity & Perseverance",GOD IS LOVE,God’s love is not an abstract idea. He demonstrated it by sending His Son so that sinful humanity could receive life through Him.,“…God showed his love among us…”
scripture-12-24,12-24,358,1 John 4:18,draft,1 John 4:13–21,NIV,https://www.biblegateway.com/passage/?search=1%20John%204%3A13-21&version=NIV,"Ephesians–Jude — Equipping, Maturity & Perseverance",PERFECT LOVE DRIVES OUT FEAR,"As we become secure in the Father’s love, fear loses its ability to control our relationship with Him.",“There is no fear in love…”
scripture-12-25,12-25,359,Jude 20–21,draft,Jude 17–25,NIV,https://www.biblegateway.com/passage/?search=Jude%2017-25&version=NIV,"Ephesians–Jude — Equipping, Maturity & Perseverance",KEEP YOURSELVES IN GOD’S LOVE,"Build your faith, pray in the Holy Spirit, remain rooted in God’s love, and keep your hope fixed upon Jesus.",“…keep yourselves in God’s love…”
scripture-12-26,12-26,360,Revelation 2:4–5,draft,Revelation 2:1–7,NIV,https://www.biblegateway.com/passage/?search=Revelation%202%3A1-7&version=NIV,Revelation — The Coming King,RETURN TO YOUR FIRST LOVE,It is possible to work for Jesus while allowing our love for Jesus to grow cold. Return continually to the relationship from which everything else flows.,“…you have forsaken the love you had at first.”
scripture-12-27,12-27,361,Revelation 3:20,draft,Revelation 3:14–22,NIV,https://www.biblegateway.com/passage/?search=Revelation%203%3A14-22&version=NIV,Revelation — The Coming King,JESUS STANDS AT THE DOOR,Jesus calls His people away from spiritual complacency and back into fellowship with Him. Hear His voice and open every area of your life to His lordship.,“Here I am! I stand at the door and knock.”
scripture-12-28,12-28,362,Revelation 7:9–10,draft,Revelation 7:9–17,NIV,https://www.biblegateway.com/passage/?search=Revelation%207%3A9-17&version=NIV,Revelation — The Coming King,EVERY NATION BEFORE THE THRONE,"This is where global evangelism is heading. God’s redeemed family will include people from every nation, tribe, people, and language gathered before His throne.","“…every nation, tribe, people and language…”"
scripture-12-29,12-29,363,Revelation 12:11,draft,Revelation 12:7–12,NIV,https://www.biblegateway.com/passage/?search=Revelation%2012%3A7-12&version=NIV,Revelation — The Coming King,OVERCOME BY THE LAMB AND YOUR TESTIMONY,Our victory rests first in what Jesus accomplished. Our testimony then declares what the Lamb has done. Never underestimate the power of telling others how Christ changed your life.,“…the blood of the Lamb and by the word of their testimony…”
scripture-12-30,12-30,364,"Revelation 19:11,16",draft,Revelation 19:11–16,NIV,https://www.biblegateway.com/passage/?search=Revelation%2019%3A11-16&version=NIV,Revelation — The Coming King,THE KING IS COMING,"Jesus came first as the suffering Savior, but Scripture points toward His return as victorious King. Our hope is not ultimately in governments, economies, institutions, or human leaders. Our hope is Jesus Christ.

Live ready. Remain faithful. Keep your lamp burning. The King is coming.",“…Faithful and True…” “…KING OF KINGS AND LORD OF LORDS.”
scripture-12-31,12-31,365,"Revelation 22:12, 20",draft,Revelation 22:12–21,NIV,https://www.biblegateway.com/passage/?search=Revelation%2022%3A12-21&version=NIV,Revelation — The Coming King,"COME, LORD JESUS","We began this journey with an invitation to encounter Jesus. We finish it looking toward His return.

For 365 days, we have walked through the Gospel: Come and see. Repent and believe. Follow Jesus. Be born again. Receive the Holy Spirit. Abide in Christ. Love one another. Make disciples. Use what God has given you. Serve His people. Carry the Gospel to the nations. Remain faithful. Prepare for the King.

But Day 365 is not graduation from following Jesus.

It is another beginning.

Keep knowing the Father. Keep following the Son. Keep walking in the Holy Spirit. Keep loving people. Keep serving. Keep forgiving. Keep praying. Keep sharing the Gospel. Keep making disciples. Keep watching for the King.

And until He comes, may the prayer of the Church remain:

Come, Lord Jesus.","“Look, I am coming soon!” “Amen. Come, Lord Jesus.”"
