stableId,date,dayNumber,scriptureRef,attribution,rightsCleared,status,collectionTheme,scriptureLink,theme,contentType,active,randomWeight,title_en,quote_en
KH-ENC-001,01-01,1,John 1:39,Kingdom Heirs,true,draft,Come & See • Invitation,https://www.biblegateway.com/passage/?search=John%201%3A39&version=NIV,Invitation,Kingdom Heirs original,true,1,Jesus Still Invites You,"Jesus is not asking you to impress Him; He is inviting you to come near, listen, and follow. Give Him your honest attention today and take the next step He shows you."
KH-ENC-002,01-02,2,John 1:39,Kingdom Heirs,true,draft,Come & See • Invitation,https://www.biblegateway.com/passage/?search=John%201%3A39&version=NIV,Invitation,Kingdom Heirs original,true,1,Invitation Under Pressure,"When you feel unworthy to approach Jesus, remember this truth: Jesus is not asking you to impress Him; He is inviting you to come near, listen, and follow. Give Him your honest attention today and take the next step He shows you."
KH-ENC-003,01-03,3,John 1:39,Kingdom Heirs,true,draft,Come & See • Invitation,https://www.biblegateway.com/passage/?search=John%201%3A39&version=NIV,Invitation,Kingdom Heirs original,true,1,Practice: Jesus Still Invites You,Give Him your honest attention today and take the next step He shows you. A faithful life is built through ordinary obedience.
KH-ENC-004,01-04,4,John 1:39,Kingdom Heirs,true,draft,Come & See • Invitation,https://www.biblegateway.com/passage/?search=John%201%3A39&version=NIV,Invitation,Kingdom Heirs original,true,1,Prayer for Invitation,"Pray today: “Jesus, help me come to You honestly and follow where You lead.” Carry that prayer into the next decision you make."
KH-ENC-005,01-05,5,John 1:47-49,Kingdom Heirs,true,draft,Come & See • Known by Jesus,https://www.biblegateway.com/passage/?search=John%201%3A47-49&version=NIV,Known by Jesus,Kingdom Heirs original,true,1,"Fully Seen, Still Welcomed","Jesus knew Nathanael before Nathanael knew Him, and Jesus already knows every part of your story. Bring your true self to Him instead of presenting a polished version."
KH-ENC-006,01-06,6,John 1:47-49,Kingdom Heirs,true,draft,Come & See • Known by Jesus,https://www.biblegateway.com/passage/?search=John%201%3A47-49&version=NIV,Known by Jesus,Kingdom Heirs original,true,1,Known by Jesus Under Pressure,"When you wonder whether anyone truly understands you, remember this truth: Jesus knew Nathanael before Nathanael knew Him, and Jesus already knows every part of your story. Bring your true self to Him instead of presenting a polished version."
KH-ENC-007,01-07,7,John 1:47-49,Kingdom Heirs,true,draft,Come & See • Known by Jesus,https://www.biblegateway.com/passage/?search=John%201%3A47-49&version=NIV,Known by Jesus,Kingdom Heirs original,true,1,"Practice: Fully Seen, Still Welcomed",Bring your true self to Him instead of presenting a polished version. You do not have to complete the whole journey today; take the next faithful step.
KH-ENC-008,01-08,8,John 1:47-49,Kingdom Heirs,true,draft,Come & See • Known by Jesus,https://www.biblegateway.com/passage/?search=John%201%3A47-49&version=NIV,Known by Jesus,Kingdom Heirs original,true,1,Prayer for Known by Jesus,"Pray today: “Jesus, thank You for seeing me completely and welcoming me with truth and grace.” Remain attentive for the Spirit's practical answer."
KH-ENC-009,01-09,9,Romans 5:8,Kingdom Heirs,true,draft,Come & See • Grace,https://www.biblegateway.com/passage/?search=Romans%205%3A8&version=NIV,Grace,Kingdom Heirs original,true,1,Loved Before You Changed,"Christ moved toward you in love before you had anything cleaned up or figured out. Stop trying to earn what Jesus offers by grace, and receive His mercy with gratitude."
KH-ENC-010,01-10,10,Romans 5:8,Kingdom Heirs,true,draft,Come & See • Grace,https://www.biblegateway.com/passage/?search=Romans%205%3A8&version=NIV,Grace,Kingdom Heirs original,true,1,Grace Under Pressure,"When your failures make you feel disqualified, remember this truth: Christ moved toward you in love before you had anything cleaned up or figured out. Stop trying to earn what Jesus offers by grace, and receive His mercy with gratitude."
KH-ENC-011,01-11,11,Romans 5:8,Kingdom Heirs,true,draft,Come & See • Grace,https://www.biblegateway.com/passage/?search=Romans%205%3A8&version=NIV,Grace,Kingdom Heirs original,true,1,Practice: Loved Before You Changed,"Stop trying to earn what Jesus offers by grace, and receive His mercy with gratitude. Small acts of faithfulness are never small when they are offered to Jesus."
KH-ENC-012,01-12,12,Romans 5:8,Kingdom Heirs,true,draft,Come & See • Grace,https://www.biblegateway.com/passage/?search=Romans%205%3A8&version=NIV,Grace,Kingdom Heirs original,true,1,Prayer for Grace,"Pray today: “Jesus, teach me to receive Your grace and let it transform the way I live.” Trust that Jesus will meet you in the next faithful step."
KH-ENC-013,01-13,13,1 John 1:9,Kingdom Heirs,true,draft,Come & See • Forgiveness,https://www.biblegateway.com/passage/?search=1%20John%201%3A9&version=NIV,Forgiveness,Kingdom Heirs original,true,1,Bring It Into the Light,Confession is not the doorway to humiliation; in Christ it is the doorway to cleansing and restored fellowship. Name your sin honestly before Jesus and accept the forgiveness He has promised.
KH-ENC-014,01-14,14,1 John 1:9,Kingdom Heirs,true,draft,Come & See • Forgiveness,https://www.biblegateway.com/passage/?search=1%20John%201%3A9&version=NIV,Forgiveness,Kingdom Heirs original,true,1,Forgiveness Under Pressure,"When shame tells you to hide, remember this truth: Confession is not the doorway to humiliation; in Christ it is the doorway to cleansing and restored fellowship. Name your sin honestly before Jesus and accept the forgiveness He has promised."
KH-ENC-015,01-15,15,1 John 1:9,Kingdom Heirs,true,draft,Come & See • Forgiveness,https://www.biblegateway.com/passage/?search=1%20John%201%3A9&version=NIV,Forgiveness,Kingdom Heirs original,true,1,Practice: Bring It Into the Light,Name your sin honestly before Jesus and accept the forgiveness He has promised. Choose consistency over intensity; deep roots usually grow quietly.
KH-ENC-016,01-16,16,1 John 1:9,Kingdom Heirs,true,draft,Come & See • Forgiveness,https://www.biblegateway.com/passage/?search=1%20John%201%3A9&version=NIV,Forgiveness,Kingdom Heirs original,true,1,Prayer for Forgiveness,"Pray today: “Jesus, I bring You the truth about my sin; cleanse me and lead me forward.” Let your actions agree with the words you have prayed."
KH-ENC-017,01-17,17,John 3:3-8,Kingdom Heirs,true,draft,Come & See • New Birth,https://www.biblegateway.com/passage/?search=John%203%3A3-8&version=NIV,New Birth,Kingdom Heirs original,true,1,A New Beginning Is Possible,Jesus did not come merely to improve your old life; He came to give you new life by the Spirit. Surrender the part of your life you still insist on controlling.
KH-ENC-018,01-18,18,John 3:3-8,Kingdom Heirs,true,draft,Come & See • New Birth,https://www.biblegateway.com/passage/?search=John%203%3A3-8&version=NIV,New Birth,Kingdom Heirs original,true,1,New Birth Under Pressure,"When the past feels stronger than the promise of change, remember this truth: Jesus did not come merely to improve your old life; He came to give you new life by the Spirit. Surrender the part of your life you still insist on controlling."
KH-ENC-019,01-19,19,John 3:3-8,Kingdom Heirs,true,draft,Come & See • New Birth,https://www.biblegateway.com/passage/?search=John%203%3A3-8&version=NIV,New Birth,Kingdom Heirs original,true,1,Practice: A New Beginning Is Possible,"Surrender the part of your life you still insist on controlling. Let your response be simple, sincere, and immediate."
KH-ENC-020,01-20,20,John 3:3-8,Kingdom Heirs,true,draft,Come & See • New Birth,https://www.biblegateway.com/passage/?search=John%203%3A3-8&version=NIV,New Birth,Kingdom Heirs original,true,1,Prayer for New Birth,"Pray today: “Holy Spirit, breathe new life into me and teach me to live as one born from above.” Return to this prayer whenever pressure rises today."
KH-ENC-021,01-21,21,John 4:13-14,Kingdom Heirs,true,draft,Come & See • Living Water,https://www.biblegateway.com/passage/?search=John%204%3A13-14&version=NIV,Living Water,Kingdom Heirs original,true,1,Bring Jesus Your Thirst,"Achievement, pleasure, and approval cannot satisfy the deepest thirst of the soul, but Jesus can. Tell Him what your heart has been reaching for and ask Him to become your true satisfaction."
KH-ENC-022,01-22,22,John 4:13-14,Kingdom Heirs,true,draft,Come & See • Living Water,https://www.biblegateway.com/passage/?search=John%204%3A13-14&version=NIV,Living Water,Kingdom Heirs original,true,1,Living Water Under Pressure,"When temporary things leave you empty again, remember this truth: Achievement, pleasure, and approval cannot satisfy the deepest thirst of the soul, but Jesus can. Tell Him what your heart has been reaching for and ask Him to become your true satisfaction."
KH-ENC-023,01-23,23,John 4:13-14,Kingdom Heirs,true,draft,Come & See • Living Water,https://www.biblegateway.com/passage/?search=John%204%3A13-14&version=NIV,Living Water,Kingdom Heirs original,true,1,Practice: Bring Jesus Your Thirst,Tell Him what your heart has been reaching for and ask Him to become your true satisfaction. Courage often begins before confidence arrives.
KH-ENC-024,01-24,24,John 4:13-14,Kingdom Heirs,true,draft,Come & See • Living Water,https://www.biblegateway.com/passage/?search=John%204%3A13-14&version=NIV,Living Water,Kingdom Heirs original,true,1,Prayer for Living Water,"Pray today: “Jesus, meet the deepest thirst of my soul and redirect every misplaced desire.” Receive grace, then respond with obedience."
KH-ENC-025,01-25,25,John 8:12,Kingdom Heirs,true,draft,Come & See • Light,https://www.biblegateway.com/passage/?search=John%208%3A12&version=NIV,Light,Kingdom Heirs original,true,1,Walk in the Light You Have,Jesus brings light that both reveals what is wrong and shows the way forward without abandoning you. Obey the clearest truth He has already placed before you.
KH-ENC-026,01-26,26,John 8:12,Kingdom Heirs,true,draft,Come & See • Light,https://www.biblegateway.com/passage/?search=John%208%3A12&version=NIV,Light,Kingdom Heirs original,true,1,Light Under Pressure,"When the next season feels uncertain, remember this truth: Jesus brings light that both reveals what is wrong and shows the way forward without abandoning you. Obey the clearest truth He has already placed before you."
KH-ENC-027,01-27,27,John 8:12,Kingdom Heirs,true,draft,Come & See • Light,https://www.biblegateway.com/passage/?search=John%208%3A12&version=NIV,Light,Kingdom Heirs original,true,1,Practice: Walk in the Light You Have,Obey the clearest truth He has already placed before you. The Holy Spirit will help you obey what the Word has shown you.
KH-ENC-028,01-28,28,John 8:12,Kingdom Heirs,true,draft,Come & See • Light,https://www.biblegateway.com/passage/?search=John%208%3A12&version=NIV,Light,Kingdom Heirs original,true,1,Prayer for Light,"Pray today: “Jesus, shine on my path and give me courage to walk in the light You provide.” Wait quietly long enough to listen as well as speak."
KH-ENC-029,01-29,29,"John 10:11, 27",Kingdom Heirs,true,draft,Come & See • The Shepherd,https://www.biblegateway.com/passage/?search=John%2010%3A11%2C%2027&version=NIV,The Shepherd,Kingdom Heirs original,true,1,Listen for the Shepherd,The Good Shepherd does not drive you with fear; He calls you by name and leads you with faithful care. Quiet competing voices long enough to listen through Scripture and prayer.
KH-ENC-030,01-30,30,"John 10:11, 27",Kingdom Heirs,true,draft,Come & See • The Shepherd,https://www.biblegateway.com/passage/?search=John%2010%3A11%2C%2027&version=NIV,The Shepherd,Kingdom Heirs original,true,1,The Shepherd Under Pressure,"When noise and pressure make direction difficult, remember this truth: The Good Shepherd does not drive you with fear; He calls you by name and leads you with faithful care. Quiet competing voices long enough to listen through Scripture and prayer."
KH-ENC-031,01-31,31,"John 10:11, 27",Kingdom Heirs,true,draft,Come & See • The Shepherd,https://www.biblegateway.com/passage/?search=John%2010%3A11%2C%2027&version=NIV,The Shepherd,Kingdom Heirs original,true,1,Practice: Listen for the Shepherd,Quiet competing voices long enough to listen through Scripture and prayer. Faithful discipleship matters more than public applause.
KH-ENC-032,02-01,32,"John 10:11, 27",Kingdom Heirs,true,draft,Come & See • The Shepherd,https://www.biblegateway.com/passage/?search=John%2010%3A11%2C%2027&version=NIV,The Shepherd,Kingdom Heirs original,true,1,Prayer for The Shepherd,"Pray today: “Jesus, train my heart to recognize Your voice and follow You faithfully.” Offer the whole day—not only the difficult part—to Yahweh."
KH-ENC-033,02-02,33,John 11:25-26,Kingdom Heirs,true,draft,Come & See • Resurrection Hope,https://www.biblegateway.com/passage/?search=John%2011%3A25-26&version=NIV,Resurrection Hope,Kingdom Heirs original,true,1,Dead Places Are Not Final,"Jesus is the resurrection and the life, so disappointment and loss never receive the final word. Place one hopeless-looking situation into His hands today."
KH-ENC-034,02-03,34,John 11:25-26,Kingdom Heirs,true,draft,Come & See • Resurrection Hope,https://www.biblegateway.com/passage/?search=John%2011%3A25-26&version=NIV,Resurrection Hope,Kingdom Heirs original,true,1,Resurrection Hope Under Pressure,"When something precious appears beyond repair, remember this truth: Jesus is the resurrection and the life, so disappointment and loss never receive the final word. Place one hopeless-looking situation into His hands today."
KH-ENC-035,02-04,35,John 11:25-26,Kingdom Heirs,true,draft,Come & See • Resurrection Hope,https://www.biblegateway.com/passage/?search=John%2011%3A25-26&version=NIV,Resurrection Hope,Kingdom Heirs original,true,1,Practice: Dead Places Are Not Final,Place one hopeless-looking situation into His hands today. Do what love requires and trust Yahweh with the result.
KH-ENC-036,02-05,36,John 11:25-26,Kingdom Heirs,true,draft,Come & See • Resurrection Hope,https://www.biblegateway.com/passage/?search=John%2011%3A25-26&version=NIV,Resurrection Hope,Kingdom Heirs original,true,1,Prayer for Resurrection Hope,"Pray today: “Jesus, meet me in this place of loss and awaken hope that is rooted in You.” Let peace replace hurry before you move forward."
KH-ENC-037,02-06,37,John 14:6,Kingdom Heirs,true,draft,Come & See • Truth,https://www.biblegateway.com/passage/?search=John%2014%3A6&version=NIV,Truth,Kingdom Heirs original,true,1,Jesus Is the Way Forward,"Jesus is not an accessory to a self-directed life; He is the way, the truth, and the life. Submit one decision to His teaching instead of asking Him only to bless your preference."
KH-ENC-038,02-07,38,John 14:6,Kingdom Heirs,true,draft,Come & See • Truth,https://www.biblegateway.com/passage/?search=John%2014%3A6&version=NIV,Truth,Kingdom Heirs original,true,1,Truth Under Pressure,"When several paths compete for your loyalty, remember this truth: Jesus is not an accessory to a self-directed life; He is the way, the truth, and the life. Submit one decision to His teaching instead of asking Him only to bless your preference."
KH-ENC-039,02-08,39,John 14:6,Kingdom Heirs,true,draft,Come & See • Truth,https://www.biblegateway.com/passage/?search=John%2014%3A6&version=NIV,Truth,Kingdom Heirs original,true,1,Practice: Jesus Is the Way Forward,Submit one decision to His teaching instead of asking Him only to bless your preference. Truth becomes formative when it is practiced.
KH-ENC-040,02-09,40,John 14:6,Kingdom Heirs,true,draft,Come & See • Truth,https://www.biblegateway.com/passage/?search=John%2014%3A6&version=NIV,Truth,Kingdom Heirs original,true,1,Prayer for Truth,"Pray today: “Jesus, align my choices with Your way and make truth more precious to me than convenience.” Believe that the Father welcomes sincere dependence."
KH-ENC-041,02-10,41,John 14:27,Kingdom Heirs,true,draft,Come & See • Peace,https://www.biblegateway.com/passage/?search=John%2014%3A27&version=NIV,Peace,Kingdom Heirs original,true,1,Receive the Peace of Jesus,The peace Jesus gives is not dependent on perfect circumstances; it is anchored in His faithful presence. Release one specific worry to Him and refuse to rehearse it all day.
KH-ENC-042,02-11,42,John 14:27,Kingdom Heirs,true,draft,Come & See • Peace,https://www.biblegateway.com/passage/?search=John%2014%3A27&version=NIV,Peace,Kingdom Heirs original,true,1,Peace Under Pressure,"When your thoughts keep returning to what could go wrong, remember this truth: The peace Jesus gives is not dependent on perfect circumstances; it is anchored in His faithful presence. Release one specific worry to Him and refuse to rehearse it all day."
KH-ENC-043,02-12,43,John 14:27,Kingdom Heirs,true,draft,Come & See • Peace,https://www.biblegateway.com/passage/?search=John%2014%3A27&version=NIV,Peace,Kingdom Heirs original,true,1,Practice: Receive the Peace of Jesus,Release one specific worry to Him and refuse to rehearse it all day. Obedience today prepares the heart for tomorrow's assignment.
KH-ENC-044,02-13,44,John 14:27,Kingdom Heirs,true,draft,Come & See • Peace,https://www.biblegateway.com/passage/?search=John%2014%3A27&version=NIV,Peace,Kingdom Heirs original,true,1,Prayer for Peace,"Pray today: “Jesus, guard my heart with Your peace and teach me to trust Your presence.” Ask boldly, listen humbly, and obey promptly."
KH-ENC-045,02-14,45,John 14:26,Kingdom Heirs,true,draft,Come & See • Holy Spirit,https://www.biblegateway.com/passage/?search=John%2014%3A26&version=NIV,Holy Spirit,Kingdom Heirs original,true,1,You Have a Helper,"Jesus did not leave His followers to navigate life alone; the Holy Spirit teaches, reminds, comforts, and empowers. Ask the Spirit for wisdom before reacting to today's pressure."
KH-ENC-046,02-15,46,John 14:26,Kingdom Heirs,true,draft,Come & See • Holy Spirit,https://www.biblegateway.com/passage/?search=John%2014%3A26&version=NIV,Holy Spirit,Kingdom Heirs original,true,1,Holy Spirit Under Pressure,"When you do not know what to say or do, remember this truth: Jesus did not leave His followers to navigate life alone; the Holy Spirit teaches, reminds, comforts, and empowers. Ask the Spirit for wisdom before reacting to today's pressure."
KH-ENC-047,02-16,47,John 14:26,Kingdom Heirs,true,draft,Come & See • Holy Spirit,https://www.biblegateway.com/passage/?search=John%2014%3A26&version=NIV,Holy Spirit,Kingdom Heirs original,true,1,Practice: You Have a Helper,"Ask the Spirit for wisdom before reacting to today's pressure. Jesus is present in the step, not only at the destination."
KH-ENC-048,02-17,48,John 14:26,Kingdom Heirs,true,draft,Come & See • Holy Spirit,https://www.biblegateway.com/passage/?search=John%2014%3A26&version=NIV,Holy Spirit,Kingdom Heirs original,true,1,Prayer for Holy Spirit,"Pray today: “Holy Spirit, remind me of Jesus' words and help me respond with wisdom and love.” End the prayer with availability: Here I am, send me."
KH-ENC-049,02-18,49,John 15:4-5,Kingdom Heirs,true,draft,Come & See • Abiding,https://www.biblegateway.com/passage/?search=John%2015%3A4-5&version=NIV,Abiding,Kingdom Heirs original,true,1,Stay Close to the Vine,"Lasting fruit grows from union with Jesus, not from frantic striving to prove your worth. Protect a quiet space today to remain in His Word and presence."
KH-ENC-050,02-19,50,John 15:4-5,Kingdom Heirs,true,draft,Come & See • Abiding,https://www.biblegateway.com/passage/?search=John%2015%3A4-5&version=NIV,Abiding,Kingdom Heirs original,true,1,Abiding Under Pressure,"When busyness makes spiritual dryness feel normal, remember this truth: Lasting fruit grows from union with Jesus, not from frantic striving to prove your worth. Protect a quiet space today to remain in His Word and presence."
KH-ENC-051,02-20,51,John 15:4-5,Kingdom Heirs,true,draft,Come & See • Abiding,https://www.biblegateway.com/passage/?search=John%2015%3A4-5&version=NIV,Abiding,Kingdom Heirs original,true,1,Practice: Stay Close to the Vine,Protect a quiet space today to remain in His Word and presence. A faithful life is built through ordinary obedience.
KH-ENC-052,02-21,52,John 15:4-5,Kingdom Heirs,true,draft,Come & See • Abiding,https://www.biblegateway.com/passage/?search=John%2015%3A4-5&version=NIV,Abiding,Kingdom Heirs original,true,1,Prayer for Abiding,"Pray today: “Jesus, keep me close to You and let every good fruit flow from our fellowship.” Carry that prayer into the next decision you make."
KH-ENC-053,02-22,53,John 15:9-12,Kingdom Heirs,true,draft,Come & See • Love,https://www.biblegateway.com/passage/?search=John%2015%3A9-12&version=NIV,Love,Kingdom Heirs original,true,1,Remain in His Love,"You are not called to manufacture love from an empty heart; you are invited to remain in the love of Jesus. Receive His love, then show patient kindness to one difficult person."
KH-ENC-054,02-23,54,John 15:9-12,Kingdom Heirs,true,draft,Come & See • Love,https://www.biblegateway.com/passage/?search=John%2015%3A9-12&version=NIV,Love,Kingdom Heirs original,true,1,Love Under Pressure,"When someone's behavior tests your patience, remember this truth: You are not called to manufacture love from an empty heart; you are invited to remain in the love of Jesus. Receive His love, then show patient kindness to one difficult person."
KH-ENC-055,02-24,55,John 15:9-12,Kingdom Heirs,true,draft,Come & See • Love,https://www.biblegateway.com/passage/?search=John%2015%3A9-12&version=NIV,Love,Kingdom Heirs original,true,1,Practice: Remain in His Love,"Receive His love, then show patient kindness to one difficult person. You do not have to complete the whole journey today; take the next faithful step."
KH-ENC-056,02-25,56,John 15:9-12,Kingdom Heirs,true,draft,Come & See • Love,https://www.biblegateway.com/passage/?search=John%2015%3A9-12&version=NIV,Love,Kingdom Heirs original,true,1,Prayer for Love,"Pray today: “Jesus, fill me again with Your love and let it overflow through my words and actions.” Remain attentive for the Spirit's practical answer."
KH-ENC-057,02-26,57,John 20:21,Kingdom Heirs,true,draft,Come & See • Mission,https://www.biblegateway.com/passage/?search=John%2020%3A21&version=NIV,Mission,Kingdom Heirs original,true,1,Sent With Good News,The risen Jesus sends ordinary followers into ordinary places carrying extraordinary hope. Share one simple sentence today about what Jesus has done for you.
KH-ENC-058,02-27,58,John 20:21,Kingdom Heirs,true,draft,Come & See • Mission,https://www.biblegateway.com/passage/?search=John%2020%3A21&version=NIV,Mission,Kingdom Heirs original,true,1,Mission Under Pressure,"When you assume evangelism belongs only to public preachers, remember this truth: The risen Jesus sends ordinary followers into ordinary places carrying extraordinary hope. Share one simple sentence today about what Jesus has done for you."
KH-ENC-059,02-28,59,John 20:21,Kingdom Heirs,true,draft,Come & See • Mission,https://www.biblegateway.com/passage/?search=John%2020%3A21&version=NIV,Mission,Kingdom Heirs original,true,1,Practice: Sent With Good News,Share one simple sentence today about what Jesus has done for you. Small acts of faithfulness are never small when they are offered to Jesus.
KH-ENC-060,03-01,60,John 20:21,Kingdom Heirs,true,draft,Come & See • Mission,https://www.biblegateway.com/passage/?search=John%2020%3A21&version=NIV,Mission,Kingdom Heirs original,true,1,Prayer for Mission,"Pray today: “Jesus, make me available to carry Your peace and Good News wherever I go.” Trust that Jesus will meet you in the next faithful step."
KH-ENC-061,03-02,61,Colossians 2:6-7,Kingdom Heirs,true,draft,Rooted in Christ • Spiritual Roots,https://www.biblegateway.com/passage/?search=Colossians%202%3A6-7&version=NIV,Spiritual Roots,Kingdom Heirs original,true,1,Put Your Roots Down Deep,"The same Jesus who saved you is the One in whom you must continue walking, rooted and strengthened in faith. Choose one daily rhythm of Scripture, prayer, or obedience and practice it consistently."
KH-ENC-062,03-03,62,Colossians 2:6-7,Kingdom Heirs,true,draft,Rooted in Christ • Spiritual Roots,https://www.biblegateway.com/passage/?search=Colossians%202%3A6-7&version=NIV,Spiritual Roots,Kingdom Heirs original,true,1,Spiritual Roots Under Pressure,"When quick inspiration tempts you to neglect deep formation, remember this truth: The same Jesus who saved you is the One in whom you must continue walking, rooted and strengthened in faith. Choose one daily rhythm of Scripture, prayer, or obedience and practice it consistently."
KH-ENC-063,03-04,63,Colossians 2:6-7,Kingdom Heirs,true,draft,Rooted in Christ • Spiritual Roots,https://www.biblegateway.com/passage/?search=Colossians%202%3A6-7&version=NIV,Spiritual Roots,Kingdom Heirs original,true,1,Practice: Put Your Roots Down Deep,"Choose one daily rhythm of Scripture, prayer, or obedience and practice it consistently. Choose consistency over intensity; deep roots usually grow quietly."
KH-ENC-064,03-05,64,Colossians 2:6-7,Kingdom Heirs,true,draft,Rooted in Christ • Spiritual Roots,https://www.biblegateway.com/passage/?search=Colossians%202%3A6-7&version=NIV,Spiritual Roots,Kingdom Heirs original,true,1,Prayer for Spiritual Roots,"Pray today: “Jesus, root my life in You until faithfulness becomes stronger than every passing feeling.” Let your actions agree with the words you have prayed."
KH-ENC-065,03-06,65,Ephesians 1:4,Kingdom Heirs,true,draft,Rooted in Christ • Chosen,https://www.biblegateway.com/passage/?search=Ephesians%201%3A4&version=NIV,Chosen,Kingdom Heirs original,true,1,Chosen in Christ,"Your identity does not begin with other people's approval; in Christ, Yahweh has set His love upon you. Let belonging to Jesus define you before titles, achievements, or opinions do."
KH-ENC-066,03-07,66,Ephesians 1:4,Kingdom Heirs,true,draft,Rooted in Christ • Chosen,https://www.biblegateway.com/passage/?search=Ephesians%201%3A4&version=NIV,Chosen,Kingdom Heirs original,true,1,Chosen Under Pressure,"When rejection makes you question your value, remember this truth: Your identity does not begin with other people's approval; in Christ, Yahweh has set His love upon you. Let belonging to Jesus define you before titles, achievements, or opinions do."
KH-ENC-067,03-08,67,Ephesians 1:4,Kingdom Heirs,true,draft,Rooted in Christ • Chosen,https://www.biblegateway.com/passage/?search=Ephesians%201%3A4&version=NIV,Chosen,Kingdom Heirs original,true,1,Practice: Chosen in Christ,"Let belonging to Jesus define you before titles, achievements, or opinions do. Let your response be simple, sincere, and immediate."
KH-ENC-068,03-09,68,Ephesians 1:4,Kingdom Heirs,true,draft,Rooted in Christ • Chosen,https://www.biblegateway.com/passage/?search=Ephesians%201%3A4&version=NIV,Chosen,Kingdom Heirs original,true,1,Prayer for Chosen,"Pray today: “Father, settle my heart in the truth that I belong to You through Jesus.” Return to this prayer whenever pressure rises today."
KH-ENC-069,03-10,69,Ephesians 1:5,Kingdom Heirs,true,draft,Rooted in Christ • Adoption,https://www.biblegateway.com/passage/?search=Ephesians%201%3A5&version=NIV,Adoption,Kingdom Heirs original,true,1,You Are Welcomed as Family,"Through Jesus, you are not merely tolerated near Yahweh; you are welcomed into His family as a beloved son or daughter. Approach the Father with trust instead of keeping the distance of an orphan."
KH-ENC-070,03-11,70,Ephesians 1:5,Kingdom Heirs,true,draft,Rooted in Christ • Adoption,https://www.biblegateway.com/passage/?search=Ephesians%201%3A5&version=NIV,Adoption,Kingdom Heirs original,true,1,Adoption Under Pressure,"When fear makes prayer feel like approaching an angry stranger, remember this truth: Through Jesus, you are not merely tolerated near Yahweh; you are welcomed into His family as a beloved son or daughter. Approach the Father with trust instead of keeping the distance of an orphan."
KH-ENC-071,03-12,71,Ephesians 1:5,Kingdom Heirs,true,draft,Rooted in Christ • Adoption,https://www.biblegateway.com/passage/?search=Ephesians%201%3A5&version=NIV,Adoption,Kingdom Heirs original,true,1,Practice: You Are Welcomed as Family,Approach the Father with trust instead of keeping the distance of an orphan. Courage often begins before confidence arrives.
KH-ENC-072,03-13,72,Ephesians 1:5,Kingdom Heirs,true,draft,Rooted in Christ • Adoption,https://www.biblegateway.com/passage/?search=Ephesians%201%3A5&version=NIV,Adoption,Kingdom Heirs original,true,1,Prayer for Adoption,"Pray today: “Father, teach me to live from adoption, not from fear, striving, or abandonment.” Receive grace, then respond with obedience."
KH-ENC-073,03-14,73,2 Corinthians 5:17,Kingdom Heirs,true,draft,Rooted in Christ • New Creation,https://www.biblegateway.com/passage/?search=2%20Corinthians%205%3A17&version=NIV,New Creation,Kingdom Heirs original,true,1,The Old Story Is Not Your Master,"In Christ, your past may explain parts of your story, but it no longer has authority to name your future. Make one choice today that agrees with the new life Jesus has given you."
KH-ENC-074,03-15,74,2 Corinthians 5:17,Kingdom Heirs,true,draft,Rooted in Christ • New Creation,https://www.biblegateway.com/passage/?search=2%20Corinthians%205%3A17&version=NIV,New Creation,Kingdom Heirs original,true,1,New Creation Under Pressure,"When old labels try to reclaim your identity, remember this truth: In Christ, your past may explain parts of your story, but it no longer has authority to name your future. Make one choice today that agrees with the new life Jesus has given you."
KH-ENC-075,03-16,75,2 Corinthians 5:17,Kingdom Heirs,true,draft,Rooted in Christ • New Creation,https://www.biblegateway.com/passage/?search=2%20Corinthians%205%3A17&version=NIV,New Creation,Kingdom Heirs original,true,1,Practice: The Old Story Is Not Your Master,Make one choice today that agrees with the new life Jesus has given you. The Holy Spirit will help you obey what the Word has shown you.
KH-ENC-076,03-17,76,2 Corinthians 5:17,Kingdom Heirs,true,draft,Rooted in Christ • New Creation,https://www.biblegateway.com/passage/?search=2%20Corinthians%205%3A17&version=NIV,New Creation,Kingdom Heirs original,true,1,Prayer for New Creation,"Pray today: “Jesus, help me think, speak, and act as the new person You are forming.” Wait quietly long enough to listen as well as speak."
KH-ENC-077,03-18,77,Romans 8:1,Kingdom Heirs,true,draft,Rooted in Christ • Freedom from Condemnation,https://www.biblegateway.com/passage/?search=Romans%208%3A1&version=NIV,Freedom from Condemnation,Kingdom Heirs original,true,1,Condemnation Is Not Your Shepherd,"The voice of Jesus convicts in order to restore, but condemnation accuses without offering a path home. Reject hopeless accusations and respond to the Spirit's specific invitation to repent and grow."
KH-ENC-078,03-19,78,Romans 8:1,Kingdom Heirs,true,draft,Rooted in Christ • Freedom from Condemnation,https://www.biblegateway.com/passage/?search=Romans%208%3A1&version=NIV,Freedom from Condemnation,Kingdom Heirs original,true,1,Freedom from Condemnation Under Pressure,"When your mind replays forgiven failures, remember this truth: The voice of Jesus convicts in order to restore, but condemnation accuses without offering a path home. Reject hopeless accusations and respond to the Spirit's specific invitation to repent and grow."
KH-ENC-079,03-20,79,Romans 8:1,Kingdom Heirs,true,draft,Rooted in Christ • Freedom from Condemnation,https://www.biblegateway.com/passage/?search=Romans%208%3A1&version=NIV,Freedom from Condemnation,Kingdom Heirs original,true,1,Practice: Condemnation Is Not Your Shepherd,Reject hopeless accusations and respond to the Spirit's specific invitation to repent and grow. Faithful discipleship matters more than public applause.
KH-ENC-080,03-21,80,Romans 8:1,Kingdom Heirs,true,draft,Rooted in Christ • Freedom from Condemnation,https://www.biblegateway.com/passage/?search=Romans%208%3A1&version=NIV,Freedom from Condemnation,Kingdom Heirs original,true,1,Prayer for Freedom from Condemnation,"Pray today: “Jesus, help me receive Your correction without returning to the prison of condemnation.” Offer the whole day—not only the difficult part—to Yahweh."
KH-ENC-081,03-22,81,1 John 3:1,Kingdom Heirs,true,draft,Rooted in Christ • Beloved,https://www.biblegateway.com/passage/?search=1%20John%203%3A1&version=NIV,Beloved,Kingdom Heirs original,true,1,Live as the Father's Beloved,The Father's love is not a prize for high performers; it is the foundation from which His children learn obedience. Begin today's work from acceptance in Christ rather than anxiety about proving yourself.
KH-ENC-082,03-23,82,1 John 3:1,Kingdom Heirs,true,draft,Rooted in Christ • Beloved,https://www.biblegateway.com/passage/?search=1%20John%203%3A1&version=NIV,Beloved,Kingdom Heirs original,true,1,Beloved Under Pressure,"When performance pressure steals your peace, remember this truth: The Father's love is not a prize for high performers; it is the foundation from which His children learn obedience. Begin today's work from acceptance in Christ rather than anxiety about proving yourself."
KH-ENC-083,03-24,83,1 John 3:1,Kingdom Heirs,true,draft,Rooted in Christ • Beloved,https://www.biblegateway.com/passage/?search=1%20John%203%3A1&version=NIV,Beloved,Kingdom Heirs original,true,1,Practice: Live as the Father's Beloved,Begin today's work from acceptance in Christ rather than anxiety about proving yourself. Do what love requires and trust Yahweh with the result.
KH-ENC-084,03-25,84,1 John 3:1,Kingdom Heirs,true,draft,Rooted in Christ • Beloved,https://www.biblegateway.com/passage/?search=1%20John%203%3A1&version=NIV,Beloved,Kingdom Heirs original,true,1,Prayer for Beloved,"Pray today: “Father, let the wonder of Your love reshape the way I see myself and others.” Let peace replace hurry before you move forward."
KH-ENC-085,03-26,85,Ephesians 2:10,Kingdom Heirs,true,draft,Rooted in Christ • Purpose,https://www.biblegateway.com/passage/?search=Ephesians%202%3A10&version=NIV,Purpose,Kingdom Heirs original,true,1,Created for Faithful Work,"You are Yahweh's workmanship in Christ, prepared for good works that reflect His character and serve people. Do the good that is already within reach instead of waiting for a larger platform."
KH-ENC-086,03-27,86,Ephesians 2:10,Kingdom Heirs,true,draft,Rooted in Christ • Purpose,https://www.biblegateway.com/passage/?search=Ephesians%202%3A10&version=NIV,Purpose,Kingdom Heirs original,true,1,Purpose Under Pressure,"When your purpose feels hidden or delayed, remember this truth: You are Yahweh's workmanship in Christ, prepared for good works that reflect His character and serve people. Do the good that is already within reach instead of waiting for a larger platform."
KH-ENC-087,03-28,87,Ephesians 2:10,Kingdom Heirs,true,draft,Rooted in Christ • Purpose,https://www.biblegateway.com/passage/?search=Ephesians%202%3A10&version=NIV,Purpose,Kingdom Heirs original,true,1,Practice: Created for Faithful Work,Do the good that is already within reach instead of waiting for a larger platform. Truth becomes formative when it is practiced.
KH-ENC-088,03-29,88,Ephesians 2:10,Kingdom Heirs,true,draft,Rooted in Christ • Purpose,https://www.biblegateway.com/passage/?search=Ephesians%202%3A10&version=NIV,Purpose,Kingdom Heirs original,true,1,Prayer for Purpose,"Pray today: “Father, show me the faithful work prepared for today and give me joy in doing it.” Believe that the Father welcomes sincere dependence."
KH-ENC-089,03-30,89,Philippians 3:20,Kingdom Heirs,true,draft,Rooted in Christ • Citizenship,https://www.biblegateway.com/passage/?search=Philippians%203%3A20&version=NIV,Citizenship,Kingdom Heirs original,true,1,Remember Your True Kingdom,"Your deepest citizenship is in heaven, so earthly status can neither complete you nor destroy your hope. Let kingdom values govern one decision involving money, influence, or recognition."
KH-ENC-090,03-31,90,Philippians 3:20,Kingdom Heirs,true,draft,Rooted in Christ • Citizenship,https://www.biblegateway.com/passage/?search=Philippians%203%3A20&version=NIV,Citizenship,Kingdom Heirs original,true,1,Citizenship Under Pressure,"When culture pressures you to measure success its way, remember this truth: Your deepest citizenship is in heaven, so earthly status can neither complete you nor destroy your hope. Let kingdom values govern one decision involving money, influence, or recognition."
KH-ENC-091,04-01,91,Philippians 3:20,Kingdom Heirs,true,draft,Rooted in Christ • Citizenship,https://www.biblegateway.com/passage/?search=Philippians%203%3A20&version=NIV,Citizenship,Kingdom Heirs original,true,1,Practice: Remember Your True Kingdom,"Let kingdom values govern one decision involving money, influence, or recognition. Obedience today prepares the heart for tomorrow's assignment."
KH-ENC-092,04-02,92,Philippians 3:20,Kingdom Heirs,true,draft,Rooted in Christ • Citizenship,https://www.biblegateway.com/passage/?search=Philippians%203%3A20&version=NIV,Citizenship,Kingdom Heirs original,true,1,Prayer for Citizenship,"Pray today: “Jesus, teach me to live on earth as a faithful citizen of Your kingdom.” Ask boldly, listen humbly, and obey promptly."
KH-ENC-093,04-03,93,Colossians 2:9-10,Kingdom Heirs,true,draft,Rooted in Christ • Fullness,https://www.biblegateway.com/passage/?search=Colossians%202%3A9-10&version=NIV,Fullness,Kingdom Heirs original,true,1,Complete in Christ,"You do not need a secret spiritual formula beyond Jesus; fullness is found in Him. Return your attention from spiritual novelty to the person, teaching, and lordship of Christ."
KH-ENC-094,04-04,94,Colossians 2:9-10,Kingdom Heirs,true,draft,Rooted in Christ • Fullness,https://www.biblegateway.com/passage/?search=Colossians%202%3A9-10&version=NIV,Fullness,Kingdom Heirs original,true,1,Fullness Under Pressure,"When new voices promise a shortcut to spiritual power, remember this truth: You do not need a secret spiritual formula beyond Jesus; fullness is found in Him. Return your attention from spiritual novelty to the person, teaching, and lordship of Christ."
KH-ENC-095,04-05,95,Colossians 2:9-10,Kingdom Heirs,true,draft,Rooted in Christ • Fullness,https://www.biblegateway.com/passage/?search=Colossians%202%3A9-10&version=NIV,Fullness,Kingdom Heirs original,true,1,Practice: Complete in Christ,"Return your attention from spiritual novelty to the person, teaching, and lordship of Christ. Jesus is present in the step, not only at the destination."
KH-ENC-096,04-06,96,Colossians 2:9-10,Kingdom Heirs,true,draft,Rooted in Christ • Fullness,https://www.biblegateway.com/passage/?search=Colossians%202%3A9-10&version=NIV,Fullness,Kingdom Heirs original,true,1,Prayer for Fullness,"Pray today: “Jesus, keep me centered in You and satisfied with the fullness found in Your presence.” End the prayer with availability: Here I am, send me."
KH-ENC-097,04-07,97,Colossians 3:1-4,Kingdom Heirs,true,draft,Rooted in Christ • Security,https://www.biblegateway.com/passage/?search=Colossians%203%3A1-4&version=NIV,Security,Kingdom Heirs original,true,1,Your Life Is Hidden With Christ,What Yahweh is building in you is secure in Christ even when your progress is not visible to others. Keep obeying in the hidden place without demanding immediate recognition.
KH-ENC-098,04-08,98,Colossians 3:1-4,Kingdom Heirs,true,draft,Rooted in Christ • Security,https://www.biblegateway.com/passage/?search=Colossians%203%3A1-4&version=NIV,Security,Kingdom Heirs original,true,1,Security Under Pressure,"When unnoticed faithfulness feels insignificant, remember this truth: What Yahweh is building in you is secure in Christ even when your progress is not visible to others. Keep obeying in the hidden place without demanding immediate recognition."
KH-ENC-099,04-09,99,Colossians 3:1-4,Kingdom Heirs,true,draft,Rooted in Christ • Security,https://www.biblegateway.com/passage/?search=Colossians%203%3A1-4&version=NIV,Security,Kingdom Heirs original,true,1,Practice: Your Life Is Hidden With Christ,Keep obeying in the hidden place without demanding immediate recognition. A faithful life is built through ordinary obedience.
KH-ENC-100,04-10,100,Colossians 3:1-4,Kingdom Heirs,true,draft,Rooted in Christ • Security,https://www.biblegateway.com/passage/?search=Colossians%203%3A1-4&version=NIV,Security,Kingdom Heirs original,true,1,Prayer for Security,"Pray today: “Jesus, make me content to grow where only You can see the roots.” Carry that prayer into the next decision you make."
KH-ENC-101,04-11,101,Romans 12:2,Kingdom Heirs,true,draft,Rooted in Christ • Renewed Mind,https://www.biblegateway.com/passage/?search=Romans%2012%3A2&version=NIV,Renewed Mind,Kingdom Heirs original,true,1,Let Truth Rewrite the Pattern,"Transformation deepens as the Word renews the patterns by which you interpret pressure, desire, and opportunity. Identify one recurring lie and answer it with a clear truth from Scripture."
KH-ENC-102,04-12,102,Romans 12:2,Kingdom Heirs,true,draft,Rooted in Christ • Renewed Mind,https://www.biblegateway.com/passage/?search=Romans%2012%3A2&version=NIV,Renewed Mind,Kingdom Heirs original,true,1,Renewed Mind Under Pressure,"When familiar thoughts pull you toward old reactions, remember this truth: Transformation deepens as the Word renews the patterns by which you interpret pressure, desire, and opportunity. Identify one recurring lie and answer it with a clear truth from Scripture."
KH-ENC-103,04-13,103,Romans 12:2,Kingdom Heirs,true,draft,Rooted in Christ • Renewed Mind,https://www.biblegateway.com/passage/?search=Romans%2012%3A2&version=NIV,Renewed Mind,Kingdom Heirs original,true,1,Practice: Let Truth Rewrite the Pattern,Identify one recurring lie and answer it with a clear truth from Scripture. You do not have to complete the whole journey today; take the next faithful step.
KH-ENC-104,04-14,104,Romans 12:2,Kingdom Heirs,true,draft,Rooted in Christ • Renewed Mind,https://www.biblegateway.com/passage/?search=Romans%2012%3A2&version=NIV,Renewed Mind,Kingdom Heirs original,true,1,Prayer for Renewed Mind,"Pray today: “Holy Spirit, renew my mind and train me to recognize what is good and pleasing to Yahweh.” Remain attentive for the Spirit's practical answer."
KH-ENC-105,04-15,105,Philippians 4:12-13,Kingdom Heirs,true,draft,Rooted in Christ • Strength,https://www.biblegateway.com/passage/?search=Philippians%204%3A12-13&version=NIV,Strength,Kingdom Heirs original,true,1,Strength for the Assignment,"Christ strengthens you not merely to achieve more, but to remain faithful in abundance, need, success, and hardship. Ask for strength to obey within today's actual circumstances."
KH-ENC-106,04-16,106,Philippians 4:12-13,Kingdom Heirs,true,draft,Rooted in Christ • Strength,https://www.biblegateway.com/passage/?search=Philippians%204%3A12-13&version=NIV,Strength,Kingdom Heirs original,true,1,Strength Under Pressure,"When you feel inadequate for what faithfulness requires, remember this truth: Christ strengthens you not merely to achieve more, but to remain faithful in abundance, need, success, and hardship. Ask for strength to obey within today's actual circumstances."
KH-ENC-107,04-17,107,Philippians 4:12-13,Kingdom Heirs,true,draft,Rooted in Christ • Strength,https://www.biblegateway.com/passage/?search=Philippians%204%3A12-13&version=NIV,Strength,Kingdom Heirs original,true,1,Practice: Strength for the Assignment,Ask for strength to obey within today's actual circumstances. Small acts of faithfulness are never small when they are offered to Jesus.
KH-ENC-108,04-18,108,Philippians 4:12-13,Kingdom Heirs,true,draft,Rooted in Christ • Strength,https://www.biblegateway.com/passage/?search=Philippians%204%3A12-13&version=NIV,Strength,Kingdom Heirs original,true,1,Prayer for Strength,"Pray today: “Jesus, strengthen me to honor You in the circumstances I cannot immediately change.” Trust that Jesus will meet you in the next faithful step."
KH-ENC-109,04-19,109,2 Timothy 1:7,Kingdom Heirs,true,draft,Rooted in Christ • Courage,https://www.biblegateway.com/passage/?search=2%20Timothy%201%3A7&version=NIV,Courage,Kingdom Heirs original,true,1,Fear Does Not Own You,"The Holy Spirit forms power, love, and self-control in you, so fear does not have the right to direct your life. Take the wise, loving step you have delayed because of fear."
KH-ENC-110,04-20,110,2 Timothy 1:7,Kingdom Heirs,true,draft,Rooted in Christ • Courage,https://www.biblegateway.com/passage/?search=2%20Timothy%201%3A7&version=NIV,Courage,Kingdom Heirs original,true,1,Courage Under Pressure,"When courage has not yet caught up with your calling, remember this truth: The Holy Spirit forms power, love, and self-control in you, so fear does not have the right to direct your life. Take the wise, loving step you have delayed because of fear."
KH-ENC-111,04-21,111,2 Timothy 1:7,Kingdom Heirs,true,draft,Rooted in Christ • Courage,https://www.biblegateway.com/passage/?search=2%20Timothy%201%3A7&version=NIV,Courage,Kingdom Heirs original,true,1,Practice: Fear Does Not Own You,"Take the wise, loving step you have delayed because of fear. Choose consistency over intensity; deep roots usually grow quietly."
KH-ENC-112,04-22,112,2 Timothy 1:7,Kingdom Heirs,true,draft,Rooted in Christ • Courage,https://www.biblegateway.com/passage/?search=2%20Timothy%201%3A7&version=NIV,Courage,Kingdom Heirs original,true,1,Prayer for Courage,"Pray today: “Holy Spirit, replace timidity with power, love, and a sound mind.” Let your actions agree with the words you have prayed."
KH-ENC-113,04-23,113,Philippians 1:6,Kingdom Heirs,true,draft,Rooted in Christ • Perseverance,https://www.biblegateway.com/passage/?search=Philippians%201%3A6&version=NIV,Perseverance,Kingdom Heirs original,true,1,He Will Finish What He Began,"Jesus is not careless with unfinished people; He remains committed to the work He began in you. Measure growth over seasons, not only by how you feel today."
KH-ENC-114,04-24,114,Philippians 1:6,Kingdom Heirs,true,draft,Rooted in Christ • Perseverance,https://www.biblegateway.com/passage/?search=Philippians%201%3A6&version=NIV,Perseverance,Kingdom Heirs original,true,1,Perseverance Under Pressure,"When slow progress makes you want to quit, remember this truth: Jesus is not careless with unfinished people; He remains committed to the work He began in you. Measure growth over seasons, not only by how you feel today."
KH-ENC-115,04-25,115,Philippians 1:6,Kingdom Heirs,true,draft,Rooted in Christ • Perseverance,https://www.biblegateway.com/passage/?search=Philippians%201%3A6&version=NIV,Perseverance,Kingdom Heirs original,true,1,Practice: He Will Finish What He Began,"Measure growth over seasons, not only by how you feel today. Let your response be simple, sincere, and immediate."
KH-ENC-116,04-26,116,Philippians 1:6,Kingdom Heirs,true,draft,Rooted in Christ • Perseverance,https://www.biblegateway.com/passage/?search=Philippians%201%3A6&version=NIV,Perseverance,Kingdom Heirs original,true,1,Prayer for Perseverance,"Pray today: “Jesus, give me patience with Your forming work and faithfulness in my next step.” Return to this prayer whenever pressure rises today."
KH-ENC-117,04-27,117,Galatians 5:22-23,Kingdom Heirs,true,draft,Rooted in Christ • Fruit of the Spirit,https://www.biblegateway.com/passage/?search=Galatians%205%3A22-23&version=NIV,Fruit of the Spirit,Kingdom Heirs original,true,1,Let the Root Produce Fruit,"Spiritual maturity is revealed not only by what you know, but by the love, joy, peace, and self-control growing through you. Choose one fruit of the Spirit to practice deliberately in today's relationships."
KH-ENC-118,04-28,118,Galatians 5:22-23,Kingdom Heirs,true,draft,Rooted in Christ • Fruit of the Spirit,https://www.biblegateway.com/passage/?search=Galatians%205%3A22-23&version=NIV,Fruit of the Spirit,Kingdom Heirs original,true,1,Fruit of the Spirit Under Pressure,"When knowledge is easier than Christlike response, remember this truth: Spiritual maturity is revealed not only by what you know, but by the love, joy, peace, and self-control growing through you. Choose one fruit of the Spirit to practice deliberately in today's relationships."
KH-ENC-119,04-29,119,Galatians 5:22-23,Kingdom Heirs,true,draft,Rooted in Christ • Fruit of the Spirit,https://www.biblegateway.com/passage/?search=Galatians%205%3A22-23&version=NIV,Fruit of the Spirit,Kingdom Heirs original,true,1,Practice: Let the Root Produce Fruit,Choose one fruit of the Spirit to practice deliberately in today's relationships. Courage often begins before confidence arrives.
KH-ENC-120,04-30,120,Galatians 5:22-23,Kingdom Heirs,true,draft,Rooted in Christ • Fruit of the Spirit,https://www.biblegateway.com/passage/?search=Galatians%205%3A22-23&version=NIV,Fruit of the Spirit,Kingdom Heirs original,true,1,Prayer for Fruit of the Spirit,"Pray today: “Holy Spirit, form the character of Jesus in me where people can actually experience it.” Receive grace, then respond with obedience."
KH-ENC-121,05-01,121,Luke 9:23,Kingdom Heirs,true,draft,Journey into Discipleship & Evangelism • Daily Surrender,https://www.biblegateway.com/passage/?search=Luke%209%3A23&version=NIV,Daily Surrender,Kingdom Heirs original,true,1,Take Up the Cross Today,Discipleship is not one dramatic decision remembered forever; it is a daily surrender renewed in ordinary choices. Say yes to the obedience required today rather than imagining tomorrow's sacrifice.
KH-ENC-122,05-02,122,Luke 9:23,Kingdom Heirs,true,draft,Journey into Discipleship & Evangelism • Daily Surrender,https://www.biblegateway.com/passage/?search=Luke%209%3A23&version=NIV,Daily Surrender,Kingdom Heirs original,true,1,Daily Surrender Under Pressure,"When comfort competes with the call of Jesus, remember this truth: Discipleship is not one dramatic decision remembered forever; it is a daily surrender renewed in ordinary choices. Say yes to the obedience required today rather than imagining tomorrow's sacrifice."
KH-ENC-123,05-03,123,Luke 9:23,Kingdom Heirs,true,draft,Journey into Discipleship & Evangelism • Daily Surrender,https://www.biblegateway.com/passage/?search=Luke%209%3A23&version=NIV,Daily Surrender,Kingdom Heirs original,true,1,Practice: Take Up the Cross Today,Say yes to the obedience required today rather than imagining tomorrow's sacrifice. The Holy Spirit will help you obey what the Word has shown you.
KH-ENC-124,05-04,124,Luke 9:23,Kingdom Heirs,true,draft,Journey into Discipleship & Evangelism • Daily Surrender,https://www.biblegateway.com/passage/?search=Luke%209%3A23&version=NIV,Daily Surrender,Kingdom Heirs original,true,1,Prayer for Daily Surrender,"Pray today: “Jesus, help me deny self, take up my cross, and follow You with joy today.” Wait quietly long enough to listen as well as speak."
KH-ENC-125,05-05,125,James 1:22,Kingdom Heirs,true,draft,Journey into Discipleship & Evangelism • Obedience,https://www.biblegateway.com/passage/?search=James%201%3A22&version=NIV,Obedience,Kingdom Heirs original,true,1,Put the Word Into Practice,Biblical truth becomes formative when it moves from hearing into action. Choose one instruction from your recent Scripture reading and practice it before the day ends.
KH-ENC-126,05-06,126,James 1:22,Kingdom Heirs,true,draft,Journey into Discipleship & Evangelism • Obedience,https://www.biblegateway.com/passage/?search=James%201%3A22&version=NIV,Obedience,Kingdom Heirs original,true,1,Obedience Under Pressure,"When learning gives the illusion of growth without obedience, remember this truth: Biblical truth becomes formative when it moves from hearing into action. Choose one instruction from your recent Scripture reading and practice it before the day ends."
KH-ENC-127,05-07,127,James 1:22,Kingdom Heirs,true,draft,Journey into Discipleship & Evangelism • Obedience,https://www.biblegateway.com/passage/?search=James%201%3A22&version=NIV,Obedience,Kingdom Heirs original,true,1,Practice: Put the Word Into Practice,Choose one instruction from your recent Scripture reading and practice it before the day ends. Faithful discipleship matters more than public applause.
KH-ENC-128,05-08,128,James 1:22,Kingdom Heirs,true,draft,Journey into Discipleship & Evangelism • Obedience,https://www.biblegateway.com/passage/?search=James%201%3A22&version=NIV,Obedience,Kingdom Heirs original,true,1,Prayer for Obedience,"Pray today: “Holy Spirit, show me where knowledge must become faithful action.” Offer the whole day—not only the difficult part—to Yahweh."
KH-ENC-129,05-09,129,Colossians 4:2-4,Kingdom Heirs,true,draft,Journey into Discipleship & Evangelism • Prayer,https://www.biblegateway.com/passage/?search=Colossians%204%3A2-4&version=NIV,Prayer,Kingdom Heirs original,true,1,Stay Alert in Prayer,"Prayer keeps the disciple awake to Yahweh's presence, people's needs, and open doors for the Gospel. Pray by name for one person who needs hope in Jesus."
KH-ENC-130,05-10,130,Colossians 4:2-4,Kingdom Heirs,true,draft,Journey into Discipleship & Evangelism • Prayer,https://www.biblegateway.com/passage/?search=Colossians%204%3A2-4&version=NIV,Prayer,Kingdom Heirs original,true,1,Prayer Under Pressure,"When routine makes you spiritually inattentive, remember this truth: Prayer keeps the disciple awake to Yahweh's presence, people's needs, and open doors for the Gospel. Pray by name for one person who needs hope in Jesus."
KH-ENC-131,05-11,131,Colossians 4:2-4,Kingdom Heirs,true,draft,Journey into Discipleship & Evangelism • Prayer,https://www.biblegateway.com/passage/?search=Colossians%204%3A2-4&version=NIV,Prayer,Kingdom Heirs original,true,1,Practice: Stay Alert in Prayer,Pray by name for one person who needs hope in Jesus. Do what love requires and trust Yahweh with the result.
KH-ENC-132,05-12,132,Colossians 4:2-4,Kingdom Heirs,true,draft,Journey into Discipleship & Evangelism • Prayer,https://www.biblegateway.com/passage/?search=Colossians%204%3A2-4&version=NIV,Prayer,Kingdom Heirs original,true,1,Prayer for Prayer,"Pray today: “Father, open a door for the Gospel and help me speak about Jesus clearly and graciously.” Let peace replace hurry before you move forward."
KH-ENC-133,05-13,133,John 13:34-35,Kingdom Heirs,true,draft,Journey into Discipleship & Evangelism • Love,https://www.biblegateway.com/passage/?search=John%2013%3A34-35&version=NIV,Love,Kingdom Heirs original,true,1,Let Love Identify You,"Jesus said the world would recognize His disciples by their love, not merely by their arguments or activity. Perform one costly act of kindness without seeking credit."
KH-ENC-134,05-14,134,John 13:34-35,Kingdom Heirs,true,draft,Journey into Discipleship & Evangelism • Love,https://www.biblegateway.com/passage/?search=John%2013%3A34-35&version=NIV,Love,Kingdom Heirs original,true,1,Love Under Pressure,"When being right begins to matter more than being Christlike, remember this truth: Jesus said the world would recognize His disciples by their love, not merely by their arguments or activity. Perform one costly act of kindness without seeking credit."
KH-ENC-135,05-15,135,John 13:34-35,Kingdom Heirs,true,draft,Journey into Discipleship & Evangelism • Love,https://www.biblegateway.com/passage/?search=John%2013%3A34-35&version=NIV,Love,Kingdom Heirs original,true,1,Practice: Let Love Identify You,Perform one costly act of kindness without seeking credit. Truth becomes formative when it is practiced.
KH-ENC-136,05-16,136,John 13:34-35,Kingdom Heirs,true,draft,Journey into Discipleship & Evangelism • Love,https://www.biblegateway.com/passage/?search=John%2013%3A34-35&version=NIV,Love,Kingdom Heirs original,true,1,Prayer for Love,"Pray today: “Jesus, make my love visible, truthful, patient, and willing to serve.” Believe that the Father welcomes sincere dependence."
KH-ENC-137,05-17,137,Mark 10:43-45,Kingdom Heirs,true,draft,Journey into Discipleship & Evangelism • Service,https://www.biblegateway.com/passage/?search=Mark%2010%3A43-45&version=NIV,Service,Kingdom Heirs original,true,1,Greatness Kneels to Serve,Kingdom leadership does not climb over people; it follows Jesus downward into humble service. Do one needed task that is beneath your title but not beneath your calling.
KH-ENC-138,05-18,138,Mark 10:43-45,Kingdom Heirs,true,draft,Journey into Discipleship & Evangelism • Service,https://www.biblegateway.com/passage/?search=Mark%2010%3A43-45&version=NIV,Service,Kingdom Heirs original,true,1,Service Under Pressure,"When recognition feels more rewarding than service, remember this truth: Kingdom leadership does not climb over people; it follows Jesus downward into humble service. Do one needed task that is beneath your title but not beneath your calling."
KH-ENC-139,05-19,139,Mark 10:43-45,Kingdom Heirs,true,draft,Journey into Discipleship & Evangelism • Service,https://www.biblegateway.com/passage/?search=Mark%2010%3A43-45&version=NIV,Service,Kingdom Heirs original,true,1,Practice: Greatness Kneels to Serve,Do one needed task that is beneath your title but not beneath your calling. Obedience today prepares the heart for tomorrow's assignment.
KH-ENC-140,05-20,140,Mark 10:43-45,Kingdom Heirs,true,draft,Journey into Discipleship & Evangelism • Service,https://www.biblegateway.com/passage/?search=Mark%2010%3A43-45&version=NIV,Service,Kingdom Heirs original,true,1,Prayer for Service,"Pray today: “Jesus, free me from status and teach me the joy of serving as You served.” Ask boldly, listen humbly, and obey promptly."
KH-ENC-141,05-21,141,Matthew 9:36-38,Kingdom Heirs,true,draft,Journey into Discipleship & Evangelism • Compassion,https://www.biblegateway.com/passage/?search=Matthew%209%3A36-38&version=NIV,Compassion,Kingdom Heirs original,true,1,See the Crowd as Jesus Sees,Evangelism begins when people stop looking like interruptions and become souls Jesus deeply loves. Slow down long enough to notice the pain behind someone's behavior.
KH-ENC-142,05-22,142,Matthew 9:36-38,Kingdom Heirs,true,draft,Journey into Discipleship & Evangelism • Compassion,https://www.biblegateway.com/passage/?search=Matthew%209%3A36-38&version=NIV,Compassion,Kingdom Heirs original,true,1,Compassion Under Pressure,"When hurry makes people feel like obstacles, remember this truth: Evangelism begins when people stop looking like interruptions and become souls Jesus deeply loves. Slow down long enough to notice the pain behind someone's behavior."
KH-ENC-143,05-23,143,Matthew 9:36-38,Kingdom Heirs,true,draft,Journey into Discipleship & Evangelism • Compassion,https://www.biblegateway.com/passage/?search=Matthew%209%3A36-38&version=NIV,Compassion,Kingdom Heirs original,true,1,Practice: See the Crowd as Jesus Sees,"Slow down long enough to notice the pain behind someone's behavior. Jesus is present in the step, not only at the destination."
KH-ENC-144,05-24,144,Matthew 9:36-38,Kingdom Heirs,true,draft,Journey into Discipleship & Evangelism • Compassion,https://www.biblegateway.com/passage/?search=Matthew%209%3A36-38&version=NIV,Compassion,Kingdom Heirs original,true,1,Prayer for Compassion,"Pray today: “Jesus, give me Your compassion for the harassed, helpless, forgotten, and far from You.” End the prayer with availability: Here I am, send me."
KH-ENC-145,05-25,145,Acts 1:8,Kingdom Heirs,true,draft,Journey into Discipleship & Evangelism • Witness,https://www.biblegateway.com/passage/?search=Acts%201%3A8&version=NIV,Witness,Kingdom Heirs original,true,1,Power to Be a Witness,"The Holy Spirit empowers believers not for spiritual display, but to bear faithful witness to Jesus. Ask the Spirit for boldness, then speak naturally about the hope Christ has given you."
KH-ENC-146,05-26,146,Acts 1:8,Kingdom Heirs,true,draft,Journey into Discipleship & Evangelism • Witness,https://www.biblegateway.com/passage/?search=Acts%201%3A8&version=NIV,Witness,Kingdom Heirs original,true,1,Witness Under Pressure,"When you feel too ordinary to make a difference, remember this truth: The Holy Spirit empowers believers not for spiritual display, but to bear faithful witness to Jesus. Ask the Spirit for boldness, then speak naturally about the hope Christ has given you."
KH-ENC-147,05-27,147,Acts 1:8,Kingdom Heirs,true,draft,Journey into Discipleship & Evangelism • Witness,https://www.biblegateway.com/passage/?search=Acts%201%3A8&version=NIV,Witness,Kingdom Heirs original,true,1,Practice: Power to Be a Witness,"Ask the Spirit for boldness, then speak naturally about the hope Christ has given you. A faithful life is built through ordinary obedience."
KH-ENC-148,05-28,148,Acts 1:8,Kingdom Heirs,true,draft,Journey into Discipleship & Evangelism • Witness,https://www.biblegateway.com/passage/?search=Acts%201%3A8&version=NIV,Witness,Kingdom Heirs original,true,1,Prayer for Witness,"Pray today: “Holy Spirit, fill me with power to make Jesus known with truth and love.” Carry that prayer into the next decision you make."
KH-ENC-149,05-29,149,Revelation 12:11,Kingdom Heirs,true,draft,Journey into Discipleship & Evangelism • Testimony,https://www.biblegateway.com/passage/?search=Revelation%2012%3A11&version=NIV,Testimony,Kingdom Heirs original,true,1,Your Story Can Point to Jesus,"You may not know every answer, but you can honestly tell what Jesus has forgiven, restored, and taught you. Prepare a two-minute testimony that keeps Jesus at the center."
KH-ENC-150,05-30,150,Revelation 12:11,Kingdom Heirs,true,draft,Journey into Discipleship & Evangelism • Testimony,https://www.biblegateway.com/passage/?search=Revelation%2012%3A11&version=NIV,Testimony,Kingdom Heirs original,true,1,Testimony Under Pressure,"When you believe your story is not dramatic enough, remember this truth: You may not know every answer, but you can honestly tell what Jesus has forgiven, restored, and taught you. Prepare a two-minute testimony that keeps Jesus at the center."
KH-ENC-151,05-31,151,Revelation 12:11,Kingdom Heirs,true,draft,Journey into Discipleship & Evangelism • Testimony,https://www.biblegateway.com/passage/?search=Revelation%2012%3A11&version=NIV,Testimony,Kingdom Heirs original,true,1,Practice: Your Story Can Point to Jesus,Prepare a two-minute testimony that keeps Jesus at the center. You do not have to complete the whole journey today; take the next faithful step.
KH-ENC-152,06-01,152,Revelation 12:11,Kingdom Heirs,true,draft,Journey into Discipleship & Evangelism • Testimony,https://www.biblegateway.com/passage/?search=Revelation%2012%3A11&version=NIV,Testimony,Kingdom Heirs original,true,1,Prayer for Testimony,"Pray today: “Jesus, help me tell my story humbly so that people see Your grace, not my greatness.” Remain attentive for the Spirit's practical answer."
KH-ENC-153,06-02,153,1 Peter 3:15,Kingdom Heirs,true,draft,Journey into Discipleship & Evangelism • Readiness,https://www.biblegateway.com/passage/?search=1%20Peter%203%3A15&version=NIV,Readiness,Kingdom Heirs original,true,1,Be Ready With Gentle Hope,"Faithful witness joins a clear reason for hope with gentleness and respect. Listen carefully before answering, and speak to the person rather than merely defeating an objection."
KH-ENC-154,06-03,154,1 Peter 3:15,Kingdom Heirs,true,draft,Journey into Discipleship & Evangelism • Readiness,https://www.biblegateway.com/passage/?search=1%20Peter%203%3A15&version=NIV,Readiness,Kingdom Heirs original,true,1,Readiness Under Pressure,"When a hard question makes you defensive, remember this truth: Faithful witness joins a clear reason for hope with gentleness and respect. Listen carefully before answering, and speak to the person rather than merely defeating an objection."
KH-ENC-155,06-04,155,1 Peter 3:15,Kingdom Heirs,true,draft,Journey into Discipleship & Evangelism • Readiness,https://www.biblegateway.com/passage/?search=1%20Peter%203%3A15&version=NIV,Readiness,Kingdom Heirs original,true,1,Practice: Be Ready With Gentle Hope,"Listen carefully before answering, and speak to the person rather than merely defeating an objection. Small acts of faithfulness are never small when they are offered to Jesus."
KH-ENC-156,06-05,156,1 Peter 3:15,Kingdom Heirs,true,draft,Journey into Discipleship & Evangelism • Readiness,https://www.biblegateway.com/passage/?search=1%20Peter%203%3A15&version=NIV,Readiness,Kingdom Heirs original,true,1,Prayer for Readiness,"Pray today: “Jesus, make me prepared, truthful, gentle, and respectful when I speak of You.” Trust that Jesus will meet you in the next faithful step."
KH-ENC-157,06-06,157,1 Corinthians 3:6-7,Kingdom Heirs,true,draft,Journey into Discipleship & Evangelism • Sowing,https://www.biblegateway.com/passage/?search=1%20Corinthians%203%3A6-7&version=NIV,Sowing,Kingdom Heirs original,true,1,"Sow Faithfully, Trust the Growth","You are responsible to plant and water faithfully, but only Yahweh can awaken spiritual life. Release the pressure to force a result and offer the truth in love."
KH-ENC-158,06-07,158,1 Corinthians 3:6-7,Kingdom Heirs,true,draft,Journey into Discipleship & Evangelism • Sowing,https://www.biblegateway.com/passage/?search=1%20Corinthians%203%3A6-7&version=NIV,Sowing,Kingdom Heirs original,true,1,Sowing Under Pressure,"When visible response becomes the measure of your obedience, remember this truth: You are responsible to plant and water faithfully, but only Yahweh can awaken spiritual life. Release the pressure to force a result and offer the truth in love."
KH-ENC-159,06-08,159,1 Corinthians 3:6-7,Kingdom Heirs,true,draft,Journey into Discipleship & Evangelism • Sowing,https://www.biblegateway.com/passage/?search=1%20Corinthians%203%3A6-7&version=NIV,Sowing,Kingdom Heirs original,true,1,"Practice: Sow Faithfully, Trust the Growth",Release the pressure to force a result and offer the truth in love. Choose consistency over intensity; deep roots usually grow quietly.
KH-ENC-160,06-09,160,1 Corinthians 3:6-7,Kingdom Heirs,true,draft,Journey into Discipleship & Evangelism • Sowing,https://www.biblegateway.com/passage/?search=1%20Corinthians%203%3A6-7&version=NIV,Sowing,Kingdom Heirs original,true,1,Prayer for Sowing,"Pray today: “Father, help me sow well and trust You with the hidden work of growth.” Let your actions agree with the words you have prayed."
KH-ENC-161,06-10,161,Matthew 28:18-20,Kingdom Heirs,true,draft,Journey into Discipleship & Evangelism • Great Commission,https://www.biblegateway.com/passage/?search=Matthew%2028%3A18-20&version=NIV,Great Commission,Kingdom Heirs original,true,1,Go and Make Disciples,"Jesus sends us not only to gather decisions, but to help people learn lifelong obedience to everything He commanded. Invest in one person through Scripture, prayer, example, and patient follow-up."
KH-ENC-162,06-11,162,Matthew 28:18-20,Kingdom Heirs,true,draft,Journey into Discipleship & Evangelism • Great Commission,https://www.biblegateway.com/passage/?search=Matthew%2028%3A18-20&version=NIV,Great Commission,Kingdom Heirs original,true,1,Great Commission Under Pressure,"When big events seem more important than slow discipleship, remember this truth: Jesus sends us not only to gather decisions, but to help people learn lifelong obedience to everything He commanded. Invest in one person through Scripture, prayer, example, and patient follow-up."
KH-ENC-163,06-12,163,Matthew 28:18-20,Kingdom Heirs,true,draft,Journey into Discipleship & Evangelism • Great Commission,https://www.biblegateway.com/passage/?search=Matthew%2028%3A18-20&version=NIV,Great Commission,Kingdom Heirs original,true,1,Practice: Go and Make Disciples,"Invest in one person through Scripture, prayer, example, and patient follow-up. Let your response be simple, sincere, and immediate."
KH-ENC-164,06-13,164,Matthew 28:18-20,Kingdom Heirs,true,draft,Journey into Discipleship & Evangelism • Great Commission,https://www.biblegateway.com/passage/?search=Matthew%2028%3A18-20&version=NIV,Great Commission,Kingdom Heirs original,true,1,Prayer for Great Commission,"Pray today: “Jesus, help me reach people, walk with them, and teach them to follow You faithfully.” Return to this prayer whenever pressure rises today."
KH-ENC-165,06-14,165,Acts 4:29-31,Kingdom Heirs,true,draft,Journey into Discipleship & Evangelism • Boldness,https://www.biblegateway.com/passage/?search=Acts%204%3A29-31&version=NIV,Boldness,Kingdom Heirs original,true,1,Ask for Holy Boldness,Biblical boldness is not harshness; it is Spirit-enabled clarity that refuses to hide Jesus. Pray for courage before the next conversation in which faith may be discussed.
KH-ENC-166,06-15,166,Acts 4:29-31,Kingdom Heirs,true,draft,Journey into Discipleship & Evangelism • Boldness,https://www.biblegateway.com/passage/?search=Acts%204%3A29-31&version=NIV,Boldness,Kingdom Heirs original,true,1,Boldness Under Pressure,"When fear of rejection edits Jesus out of your words, remember this truth: Biblical boldness is not harshness; it is Spirit-enabled clarity that refuses to hide Jesus. Pray for courage before the next conversation in which faith may be discussed."
KH-ENC-167,06-16,167,Acts 4:29-31,Kingdom Heirs,true,draft,Journey into Discipleship & Evangelism • Boldness,https://www.biblegateway.com/passage/?search=Acts%204%3A29-31&version=NIV,Boldness,Kingdom Heirs original,true,1,Practice: Ask for Holy Boldness,Pray for courage before the next conversation in which faith may be discussed. Courage often begins before confidence arrives.
KH-ENC-168,06-17,168,Acts 4:29-31,Kingdom Heirs,true,draft,Journey into Discipleship & Evangelism • Boldness,https://www.biblegateway.com/passage/?search=Acts%204%3A29-31&version=NIV,Boldness,Kingdom Heirs original,true,1,Prayer for Boldness,"Pray today: “Father, enable me to speak Your Word with courage, humility, and love.” Receive grace, then respond with obedience."
KH-ENC-169,06-18,169,2 Timothy 2:2,Kingdom Heirs,true,draft,Journey into Discipleship & Evangelism • Multiplication,https://www.biblegateway.com/passage/?search=2%20Timothy%202%3A2&version=NIV,Multiplication,Kingdom Heirs original,true,1,Entrust Truth to Faithful People,Healthy discipleship multiplies when what you receive is faithfully entrusted to people who will teach others. Identify one person you can encourage and equip rather than merely impress.
KH-ENC-170,06-19,170,2 Timothy 2:2,Kingdom Heirs,true,draft,Journey into Discipleship & Evangelism • Multiplication,https://www.biblegateway.com/passage/?search=2%20Timothy%202%3A2&version=NIV,Multiplication,Kingdom Heirs original,true,1,Multiplication Under Pressure,"When ministry becomes centered on one personality, remember this truth: Healthy discipleship multiplies when what you receive is faithfully entrusted to people who will teach others. Identify one person you can encourage and equip rather than merely impress."
KH-ENC-171,06-20,171,2 Timothy 2:2,Kingdom Heirs,true,draft,Journey into Discipleship & Evangelism • Multiplication,https://www.biblegateway.com/passage/?search=2%20Timothy%202%3A2&version=NIV,Multiplication,Kingdom Heirs original,true,1,Practice: Entrust Truth to Faithful People,Identify one person you can encourage and equip rather than merely impress. The Holy Spirit will help you obey what the Word has shown you.
KH-ENC-172,06-21,172,2 Timothy 2:2,Kingdom Heirs,true,draft,Journey into Discipleship & Evangelism • Multiplication,https://www.biblegateway.com/passage/?search=2%20Timothy%202%3A2&version=NIV,Multiplication,Kingdom Heirs original,true,1,Prayer for Multiplication,"Pray today: “Jesus, make me a faithful disciple who develops faithful disciples.” Wait quietly long enough to listen as well as speak."
KH-ENC-173,06-22,173,John 17:20-23,Kingdom Heirs,true,draft,Journey into Discipleship & Evangelism • Unity,https://www.biblegateway.com/passage/?search=John%2017%3A20-23&version=NIV,Unity,Kingdom Heirs original,true,1,Let Unity Support the Witness,Jesus connected the credibility of our witness with believers learning to love one another in unity. Repair one strained relationship where humility and truth can reopen fellowship.
KH-ENC-174,06-23,174,John 17:20-23,Kingdom Heirs,true,draft,Journey into Discipleship & Evangelism • Unity,https://www.biblegateway.com/passage/?search=John%2017%3A20-23&version=NIV,Unity,Kingdom Heirs original,true,1,Unity Under Pressure,"When division feels easier than patient reconciliation, remember this truth: Jesus connected the credibility of our witness with believers learning to love one another in unity. Repair one strained relationship where humility and truth can reopen fellowship."
KH-ENC-175,06-24,175,John 17:20-23,Kingdom Heirs,true,draft,Journey into Discipleship & Evangelism • Unity,https://www.biblegateway.com/passage/?search=John%2017%3A20-23&version=NIV,Unity,Kingdom Heirs original,true,1,Practice: Let Unity Support the Witness,Repair one strained relationship where humility and truth can reopen fellowship. Faithful discipleship matters more than public applause.
KH-ENC-176,06-25,176,John 17:20-23,Kingdom Heirs,true,draft,Journey into Discipleship & Evangelism • Unity,https://www.biblegateway.com/passage/?search=John%2017%3A20-23&version=NIV,Unity,Kingdom Heirs original,true,1,Prayer for Unity,"Pray today: “Jesus, make us one in truth and love so the world can recognize Your mission.” Offer the whole day—not only the difficult part—to Yahweh."
KH-ENC-177,06-26,177,1 Corinthians 4:1-2,Kingdom Heirs,true,draft,Journey into Discipleship & Evangelism • Faithfulness,https://www.biblegateway.com/passage/?search=1%20Corinthians%204%3A1-2&version=NIV,Faithfulness,Kingdom Heirs original,true,1,Be Found Faithful,"The kingdom does not finally measure you by fame, speed, or crowd size, but by faithfulness to Jesus. Do the assignment in front of you with integrity even if no one applauds."
KH-ENC-178,06-27,178,1 Corinthians 4:1-2,Kingdom Heirs,true,draft,Journey into Discipleship & Evangelism • Faithfulness,https://www.biblegateway.com/passage/?search=1%20Corinthians%204%3A1-2&version=NIV,Faithfulness,Kingdom Heirs original,true,1,Faithfulness Under Pressure,"When comparison makes another person's platform look more important, remember this truth: The kingdom does not finally measure you by fame, speed, or crowd size, but by faithfulness to Jesus. Do the assignment in front of you with integrity even if no one applauds."
KH-ENC-179,06-28,179,1 Corinthians 4:1-2,Kingdom Heirs,true,draft,Journey into Discipleship & Evangelism • Faithfulness,https://www.biblegateway.com/passage/?search=1%20Corinthians%204%3A1-2&version=NIV,Faithfulness,Kingdom Heirs original,true,1,Practice: Be Found Faithful,Do the assignment in front of you with integrity even if no one applauds. Do what love requires and trust Yahweh with the result.
KH-ENC-180,06-29,180,1 Corinthians 4:1-2,Kingdom Heirs,true,draft,Journey into Discipleship & Evangelism • Faithfulness,https://www.biblegateway.com/passage/?search=1%20Corinthians%204%3A1-2&version=NIV,Faithfulness,Kingdom Heirs original,true,1,Prayer for Faithfulness,"Pray today: “Jesus, keep my heart faithful to the stewardship You have actually given me.” Let peace replace hurry before you move forward."
KH-ENC-181,06-30,181,Titus 2:11-12,Kingdom Heirs,true,draft,The New Man • Training Grace,https://www.biblegateway.com/passage/?search=Titus%202%3A11-12&version=NIV,Training Grace,Kingdom Heirs original,true,1,Grace Teaches You to Say No,"The grace of Jesus does more than forgive the past; it trains you to reject destructive desires and live differently. Receive grace as power for today's obedient choice, not as permission to remain stuck."
KH-ENC-182,07-01,182,Titus 2:11-12,Kingdom Heirs,true,draft,The New Man • Training Grace,https://www.biblegateway.com/passage/?search=Titus%202%3A11-12&version=NIV,Training Grace,Kingdom Heirs original,true,1,Training Grace Under Pressure,"When temptation tries to redefine grace as passivity, remember this truth: The grace of Jesus does more than forgive the past; it trains you to reject destructive desires and live differently. Receive grace as power for today's obedient choice, not as permission to remain stuck."
KH-ENC-183,07-02,183,Titus 2:11-12,Kingdom Heirs,true,draft,The New Man • Training Grace,https://www.biblegateway.com/passage/?search=Titus%202%3A11-12&version=NIV,Training Grace,Kingdom Heirs original,true,1,Practice: Grace Teaches You to Say No,"Receive grace as power for today's obedient choice, not as permission to remain stuck. Truth becomes formative when it is practiced."
KH-ENC-184,07-03,184,Titus 2:11-12,Kingdom Heirs,true,draft,The New Man • Training Grace,https://www.biblegateway.com/passage/?search=Titus%202%3A11-12&version=NIV,Training Grace,Kingdom Heirs original,true,1,Prayer for Training Grace,"Pray today: “Jesus, let Your grace train my desires and strengthen my obedience.” Believe that the Father welcomes sincere dependence."
KH-ENC-185,07-04,185,1 John 1:9,Kingdom Heirs,true,draft,The New Man • Confession,https://www.biblegateway.com/passage/?search=1%20John%201%3A9&version=NIV,Confession,Kingdom Heirs original,true,1,Honesty Breaks Secrecy,"You do not defeat darkness by managing appearances; freedom grows when truth is brought into the light with Jesus. Confess quickly to Yahweh and, where wise, to a trusted mature believer."
KH-ENC-186,07-05,186,1 John 1:9,Kingdom Heirs,true,draft,The New Man • Confession,https://www.biblegateway.com/passage/?search=1%20John%201%3A9&version=NIV,Confession,Kingdom Heirs original,true,1,Confession Under Pressure,"When secrecy feels safer than honesty, remember this truth: You do not defeat darkness by managing appearances; freedom grows when truth is brought into the light with Jesus. Confess quickly to Yahweh and, where wise, to a trusted mature believer."
KH-ENC-187,07-06,187,1 John 1:9,Kingdom Heirs,true,draft,The New Man • Confession,https://www.biblegateway.com/passage/?search=1%20John%201%3A9&version=NIV,Confession,Kingdom Heirs original,true,1,Practice: Honesty Breaks Secrecy,"Confess quickly to Yahweh and, where wise, to a trusted mature believer. Obedience today prepares the heart for tomorrow's assignment."
KH-ENC-188,07-07,188,1 John 1:9,Kingdom Heirs,true,draft,The New Man • Confession,https://www.biblegateway.com/passage/?search=1%20John%201%3A9&version=NIV,Confession,Kingdom Heirs original,true,1,Prayer for Confession,"Pray today: “Jesus, give me courage to tell the truth and receive cleansing without hiding.” Ask boldly, listen humbly, and obey promptly."
KH-ENC-189,07-08,189,Romans 8:1-2,Kingdom Heirs,true,draft,The New Man • No Condemnation,https://www.biblegateway.com/passage/?search=Romans%208%3A1-2&version=NIV,No Condemnation,Kingdom Heirs original,true,1,Rise Without Condemnation,"A setback is a call to return to Jesus, not proof that you belong again to your old captivity. Repent specifically, receive mercy, learn from the fall, and resume the journey."
KH-ENC-190,07-09,190,Romans 8:1-2,Kingdom Heirs,true,draft,The New Man • No Condemnation,https://www.biblegateway.com/passage/?search=Romans%208%3A1-2&version=NIV,No Condemnation,Kingdom Heirs original,true,1,No Condemnation Under Pressure,"When failure tells you that all progress was false, remember this truth: A setback is a call to return to Jesus, not proof that you belong again to your old captivity. Repent specifically, receive mercy, learn from the fall, and resume the journey."
KH-ENC-191,07-10,191,Romans 8:1-2,Kingdom Heirs,true,draft,The New Man • No Condemnation,https://www.biblegateway.com/passage/?search=Romans%208%3A1-2&version=NIV,No Condemnation,Kingdom Heirs original,true,1,Practice: Rise Without Condemnation,"Repent specifically, receive mercy, learn from the fall, and resume the journey. Jesus is present in the step, not only at the destination."
KH-ENC-192,07-11,192,Romans 8:1-2,Kingdom Heirs,true,draft,The New Man • No Condemnation,https://www.biblegateway.com/passage/?search=Romans%208%3A1-2&version=NIV,No Condemnation,Kingdom Heirs original,true,1,Prayer for No Condemnation,"Pray today: “Jesus, help me respond to failure with repentance, wisdom, and renewed hope.” End the prayer with availability: Here I am, send me."
KH-ENC-193,07-12,193,1 Corinthians 10:13,Kingdom Heirs,true,draft,The New Man • Escape,https://www.biblegateway.com/passage/?search=1%20Corinthians%2010%3A13&version=NIV,Escape,Kingdom Heirs original,true,1,Look for the Way Out,"Temptation often feels inevitable, but Yahweh promises a faithful way to endure without surrendering. Decide your exit before pressure rises: leave, call someone, pray, or change the environment."
KH-ENC-194,07-13,194,1 Corinthians 10:13,Kingdom Heirs,true,draft,The New Man • Escape,https://www.biblegateway.com/passage/?search=1%20Corinthians%2010%3A13&version=NIV,Escape,Kingdom Heirs original,true,1,Escape Under Pressure,"When desire narrows your vision to only one option, remember this truth: Temptation often feels inevitable, but Yahweh promises a faithful way to endure without surrendering. Decide your exit before pressure rises: leave, call someone, pray, or change the environment."
KH-ENC-195,07-14,195,1 Corinthians 10:13,Kingdom Heirs,true,draft,The New Man • Escape,https://www.biblegateway.com/passage/?search=1%20Corinthians%2010%3A13&version=NIV,Escape,Kingdom Heirs original,true,1,Practice: Look for the Way Out,"Decide your exit before pressure rises: leave, call someone, pray, or change the environment. A faithful life is built through ordinary obedience."
KH-ENC-196,07-15,196,1 Corinthians 10:13,Kingdom Heirs,true,draft,The New Man • Escape,https://www.biblegateway.com/passage/?search=1%20Corinthians%2010%3A13&version=NIV,Escape,Kingdom Heirs original,true,1,Prayer for Escape,"Pray today: “Father, open my eyes to the escape You provide and give me courage to take it immediately.” Carry that prayer into the next decision you make."
KH-ENC-197,07-16,197,Romans 12:2,Kingdom Heirs,true,draft,The New Man • Renewed Mind,https://www.biblegateway.com/passage/?search=Romans%2012%3A2&version=NIV,Renewed Mind,Kingdom Heirs original,true,1,Change the Thought Pattern,"Lasting freedom requires more than resisting behavior; the mind must be renewed by truth. Replace one fantasy, accusation, or excuse with a specific Scripture-shaped thought."
KH-ENC-198,07-17,198,Romans 12:2,Kingdom Heirs,true,draft,The New Man • Renewed Mind,https://www.biblegateway.com/passage/?search=Romans%2012%3A2&version=NIV,Renewed Mind,Kingdom Heirs original,true,1,Renewed Mind Under Pressure,"When old mental pathways activate automatically, remember this truth: Lasting freedom requires more than resisting behavior; the mind must be renewed by truth. Replace one fantasy, accusation, or excuse with a specific Scripture-shaped thought."
KH-ENC-199,07-18,199,Romans 12:2,Kingdom Heirs,true,draft,The New Man • Renewed Mind,https://www.biblegateway.com/passage/?search=Romans%2012%3A2&version=NIV,Renewed Mind,Kingdom Heirs original,true,1,Practice: Change the Thought Pattern,"Replace one fantasy, accusation, or excuse with a specific Scripture-shaped thought. You do not have to complete the whole journey today; take the next faithful step."
KH-ENC-200,07-19,200,Romans 12:2,Kingdom Heirs,true,draft,The New Man • Renewed Mind,https://www.biblegateway.com/passage/?search=Romans%2012%3A2&version=NIV,Renewed Mind,Kingdom Heirs original,true,1,Prayer for Renewed Mind,"Pray today: “Holy Spirit, renew my imagination and teach my mind to agree with truth.” Remain attentive for the Spirit's practical answer."
KH-ENC-201,07-20,201,2 Timothy 2:22,Kingdom Heirs,true,draft,The New Man • Holy Pursuit,https://www.biblegateway.com/passage/?search=2%20Timothy%202%3A22&version=NIV,Holy Pursuit,Kingdom Heirs original,true,1,Run From and Run Toward,"Freedom is not only fleeing harmful desire; it is pursuing righteousness, faith, love, and peace with healthy people. Move away from one trigger and toward one life-giving relationship or practice."
KH-ENC-202,07-21,202,2 Timothy 2:22,Kingdom Heirs,true,draft,The New Man • Holy Pursuit,https://www.biblegateway.com/passage/?search=2%20Timothy%202%3A22&version=NIV,Holy Pursuit,Kingdom Heirs original,true,1,Holy Pursuit Under Pressure,"When removing a habit leaves an empty space, remember this truth: Freedom is not only fleeing harmful desire; it is pursuing righteousness, faith, love, and peace with healthy people. Move away from one trigger and toward one life-giving relationship or practice."
KH-ENC-203,07-22,203,2 Timothy 2:22,Kingdom Heirs,true,draft,The New Man • Holy Pursuit,https://www.biblegateway.com/passage/?search=2%20Timothy%202%3A22&version=NIV,Holy Pursuit,Kingdom Heirs original,true,1,Practice: Run From and Run Toward,Move away from one trigger and toward one life-giving relationship or practice. Small acts of faithfulness are never small when they are offered to Jesus.
KH-ENC-204,07-23,204,2 Timothy 2:22,Kingdom Heirs,true,draft,The New Man • Holy Pursuit,https://www.biblegateway.com/passage/?search=2%20Timothy%202%3A22&version=NIV,Holy Pursuit,Kingdom Heirs original,true,1,Prayer for Holy Pursuit,"Pray today: “Jesus, redirect my energy toward what is pure, loving, peaceful, and alive.” Trust that Jesus will meet you in the next faithful step."
KH-ENC-205,07-24,205,Psalm 119:9-11,Kingdom Heirs,true,draft,The New Man • Purity,https://www.biblegateway.com/passage/?search=Psalm%20119%3A9-11&version=NIV,Purity,Kingdom Heirs original,true,1,Guard the Way With the Word,"The Word reshapes what the heart treasures, and changed treasure weakens the rule of destructive appetite. Place Scripture where temptation usually speaks first and rehearse it before the battle."
KH-ENC-206,07-25,206,Psalm 119:9-11,Kingdom Heirs,true,draft,The New Man • Purity,https://www.biblegateway.com/passage/?search=Psalm%20119%3A9-11&version=NIV,Purity,Kingdom Heirs original,true,1,Purity Under Pressure,"When desire becomes louder than remembered truth, remember this truth: The Word reshapes what the heart treasures, and changed treasure weakens the rule of destructive appetite. Place Scripture where temptation usually speaks first and rehearse it before the battle."
KH-ENC-207,07-26,207,Psalm 119:9-11,Kingdom Heirs,true,draft,The New Man • Purity,https://www.biblegateway.com/passage/?search=Psalm%20119%3A9-11&version=NIV,Purity,Kingdom Heirs original,true,1,Practice: Guard the Way With the Word,Place Scripture where temptation usually speaks first and rehearse it before the battle. Choose consistency over intensity; deep roots usually grow quietly.
KH-ENC-208,07-27,208,Psalm 119:9-11,Kingdom Heirs,true,draft,The New Man • Purity,https://www.biblegateway.com/passage/?search=Psalm%20119%3A9-11&version=NIV,Purity,Kingdom Heirs original,true,1,Prayer for Purity,"Pray today: “Father, store Your Word in my heart and make holiness beautiful to me.” Let your actions agree with the words you have prayed."
KH-ENC-209,07-28,209,Philippians 4:8,Kingdom Heirs,true,draft,The New Man • Thought Life,https://www.biblegateway.com/passage/?search=Philippians%204%3A8&version=NIV,Thought Life,Kingdom Heirs original,true,1,Choose What Deserves Your Attention,"You cannot prevent every thought from arriving, but you can decide which thoughts receive hospitality. Redirect attention toward what is true, honorable, pure, lovely, and worthy of praise."
KH-ENC-210,07-29,210,Philippians 4:8,Kingdom Heirs,true,draft,The New Man • Thought Life,https://www.biblegateway.com/passage/?search=Philippians%204%3A8&version=NIV,Thought Life,Kingdom Heirs original,true,1,Thought Life Under Pressure,"When an intrusive thought asks to become a private dwelling place, remember this truth: You cannot prevent every thought from arriving, but you can decide which thoughts receive hospitality. Redirect attention toward what is true, honorable, pure, lovely, and worthy of praise."
KH-ENC-211,07-30,211,Philippians 4:8,Kingdom Heirs,true,draft,The New Man • Thought Life,https://www.biblegateway.com/passage/?search=Philippians%204%3A8&version=NIV,Thought Life,Kingdom Heirs original,true,1,Practice: Choose What Deserves Your Attention,"Redirect attention toward what is true, honorable, pure, lovely, and worthy of praise. Let your response be simple, sincere, and immediate."
KH-ENC-212,07-31,212,Philippians 4:8,Kingdom Heirs,true,draft,The New Man • Thought Life,https://www.biblegateway.com/passage/?search=Philippians%204%3A8&version=NIV,Thought Life,Kingdom Heirs original,true,1,Prayer for Thought Life,"Pray today: “Jesus, govern my attention and train me to dwell on what reflects Your character.” Return to this prayer whenever pressure rises today."
KH-ENC-213,08-01,213,1 Corinthians 6:19-20,Kingdom Heirs,true,draft,The New Man • Stewardship of the Body,https://www.biblegateway.com/passage/?search=1%20Corinthians%206%3A19-20&version=NIV,Stewardship of the Body,Kingdom Heirs original,true,1,Honor Yahweh With Your Body,"Your body is not an enemy to despise or an appetite to obey; it is a life entrusted to you for Yahweh's glory. Make one physical choice today that supports clarity, holiness, rest, and service."
KH-ENC-214,08-02,214,1 Corinthians 6:19-20,Kingdom Heirs,true,draft,The New Man • Stewardship of the Body,https://www.biblegateway.com/passage/?search=1%20Corinthians%206%3A19-20&version=NIV,Stewardship of the Body,Kingdom Heirs original,true,1,Stewardship of the Body Under Pressure,"When exhaustion weakens wise boundaries, remember this truth: Your body is not an enemy to despise or an appetite to obey; it is a life entrusted to you for Yahweh's glory. Make one physical choice today that supports clarity, holiness, rest, and service."
KH-ENC-215,08-03,215,1 Corinthians 6:19-20,Kingdom Heirs,true,draft,The New Man • Stewardship of the Body,https://www.biblegateway.com/passage/?search=1%20Corinthians%206%3A19-20&version=NIV,Stewardship of the Body,Kingdom Heirs original,true,1,Practice: Honor Yahweh With Your Body,"Make one physical choice today that supports clarity, holiness, rest, and service. Courage often begins before confidence arrives."
KH-ENC-216,08-04,216,1 Corinthians 6:19-20,Kingdom Heirs,true,draft,The New Man • Stewardship of the Body,https://www.biblegateway.com/passage/?search=1%20Corinthians%206%3A19-20&version=NIV,Stewardship of the Body,Kingdom Heirs original,true,1,Prayer for Stewardship of the Body,"Pray today: “Holy Spirit, help me steward my body with gratitude, discipline, and honor.” Receive grace, then respond with obedience."
KH-ENC-217,08-05,217,James 5:16,Kingdom Heirs,true,draft,The New Man • Accountability,https://www.biblegateway.com/passage/?search=James%205%3A16&version=NIV,Accountability,Kingdom Heirs original,true,1,Healing Grows in Honest Community,"Isolation magnifies temptation, while honest prayer with trustworthy believers creates room for healing. Contact the person who has permission to ask you the difficult questions."
KH-ENC-218,08-06,218,James 5:16,Kingdom Heirs,true,draft,The New Man • Accountability,https://www.biblegateway.com/passage/?search=James%205%3A16&version=NIV,Accountability,Kingdom Heirs original,true,1,Accountability Under Pressure,"When pride insists that you should handle everything alone, remember this truth: Isolation magnifies temptation, while honest prayer with trustworthy believers creates room for healing. Contact the person who has permission to ask you the difficult questions."
KH-ENC-219,08-07,219,James 5:16,Kingdom Heirs,true,draft,The New Man • Accountability,https://www.biblegateway.com/passage/?search=James%205%3A16&version=NIV,Accountability,Kingdom Heirs original,true,1,Practice: Healing Grows in Honest Community,Contact the person who has permission to ask you the difficult questions. The Holy Spirit will help you obey what the Word has shown you.
KH-ENC-220,08-08,220,James 5:16,Kingdom Heirs,true,draft,The New Man • Accountability,https://www.biblegateway.com/passage/?search=James%205%3A16&version=NIV,Accountability,Kingdom Heirs original,true,1,Prayer for Accountability,"Pray today: “Jesus, give me humble, trustworthy relationships where truth and prayer can flourish.” Wait quietly long enough to listen as well as speak."
KH-ENC-221,08-09,221,Matthew 5:29-30,Kingdom Heirs,true,draft,The New Man • Wise Boundaries,https://www.biblegateway.com/passage/?search=Matthew%205%3A29-30&version=NIV,Wise Boundaries,Kingdom Heirs original,true,1,Remove What Feeds the Fall,"Jesus teaches decisive action toward whatever repeatedly draws the heart into sin. Remove access, change routines, and build boundaries strong enough for your weakest hour."
KH-ENC-222,08-10,222,Matthew 5:29-30,Kingdom Heirs,true,draft,The New Man • Wise Boundaries,https://www.biblegateway.com/passage/?search=Matthew%205%3A29-30&version=NIV,Wise Boundaries,Kingdom Heirs original,true,1,Wise Boundaries Under Pressure,"When you keep negotiating with a known trigger, remember this truth: Jesus teaches decisive action toward whatever repeatedly draws the heart into sin. Remove access, change routines, and build boundaries strong enough for your weakest hour."
KH-ENC-223,08-11,223,Matthew 5:29-30,Kingdom Heirs,true,draft,The New Man • Wise Boundaries,https://www.biblegateway.com/passage/?search=Matthew%205%3A29-30&version=NIV,Wise Boundaries,Kingdom Heirs original,true,1,Practice: Remove What Feeds the Fall,"Remove access, change routines, and build boundaries strong enough for your weakest hour. Faithful discipleship matters more than public applause."
KH-ENC-224,08-12,224,Matthew 5:29-30,Kingdom Heirs,true,draft,The New Man • Wise Boundaries,https://www.biblegateway.com/passage/?search=Matthew%205%3A29-30&version=NIV,Wise Boundaries,Kingdom Heirs original,true,1,Prayer for Wise Boundaries,"Pray today: “Jesus, give me courage to make serious changes for the sake of freedom and faithfulness.” Offer the whole day—not only the difficult part—to Yahweh."
KH-ENC-225,08-13,225,2 Corinthians 5:17,Kingdom Heirs,true,draft,The New Man • New Identity,https://www.biblegateway.com/passage/?search=2%20Corinthians%205%3A17&version=NIV,New Identity,Kingdom Heirs original,true,1,Agree With the New Creation,"You are not fighting for a new identity; in Christ you are learning to live from the new identity already given. Speak about yourself in agreement with grace, responsibility, and hope."
KH-ENC-226,08-14,226,2 Corinthians 5:17,Kingdom Heirs,true,draft,The New Man • New Identity,https://www.biblegateway.com/passage/?search=2%20Corinthians%205%3A17&version=NIV,New Identity,Kingdom Heirs original,true,1,New Identity Under Pressure,"When the old label sounds more believable than the Gospel, remember this truth: You are not fighting for a new identity; in Christ you are learning to live from the new identity already given. Speak about yourself in agreement with grace, responsibility, and hope."
KH-ENC-227,08-15,227,2 Corinthians 5:17,Kingdom Heirs,true,draft,The New Man • New Identity,https://www.biblegateway.com/passage/?search=2%20Corinthians%205%3A17&version=NIV,New Identity,Kingdom Heirs original,true,1,Practice: Agree With the New Creation,"Speak about yourself in agreement with grace, responsibility, and hope. Do what love requires and trust Yahweh with the result."
KH-ENC-228,08-16,228,2 Corinthians 5:17,Kingdom Heirs,true,draft,The New Man • New Identity,https://www.biblegateway.com/passage/?search=2%20Corinthians%205%3A17&version=NIV,New Identity,Kingdom Heirs original,true,1,Prayer for New Identity,"Pray today: “Jesus, teach me to live as the new person You have made me.” Let peace replace hurry before you move forward."
KH-ENC-229,08-17,229,Hebrews 12:1-3,Kingdom Heirs,true,draft,The New Man • Endurance,https://www.biblegateway.com/passage/?search=Hebrews%2012%3A1-3&version=NIV,Endurance,Kingdom Heirs original,true,1,Fix Your Eyes on Jesus,"Freedom is a race of endurance, and endurance grows by removing weights and keeping Jesus in view. Lay aside one unnecessary weight and return your attention to Christ."
KH-ENC-230,08-18,230,Hebrews 12:1-3,Kingdom Heirs,true,draft,The New Man • Endurance,https://www.biblegateway.com/passage/?search=Hebrews%2012%3A1-3&version=NIV,Endurance,Kingdom Heirs original,true,1,Endurance Under Pressure,"When the length of the journey makes you tired, remember this truth: Freedom is a race of endurance, and endurance grows by removing weights and keeping Jesus in view. Lay aside one unnecessary weight and return your attention to Christ."
KH-ENC-231,08-19,231,Hebrews 12:1-3,Kingdom Heirs,true,draft,The New Man • Endurance,https://www.biblegateway.com/passage/?search=Hebrews%2012%3A1-3&version=NIV,Endurance,Kingdom Heirs original,true,1,Practice: Fix Your Eyes on Jesus,Lay aside one unnecessary weight and return your attention to Christ. Truth becomes formative when it is practiced.
KH-ENC-232,08-20,232,Hebrews 12:1-3,Kingdom Heirs,true,draft,The New Man • Endurance,https://www.biblegateway.com/passage/?search=Hebrews%2012%3A1-3&version=NIV,Endurance,Kingdom Heirs original,true,1,Prayer for Endurance,"Pray today: “Jesus, steady my eyes, strengthen my endurance, and keep me moving forward.” Believe that the Father welcomes sincere dependence."
KH-ENC-233,08-21,233,Joel 2:25-27,Kingdom Heirs,true,draft,The New Man • Restoration,https://www.biblegateway.com/passage/?search=Joel%202%3A25-27&version=NIV,Restoration,Kingdom Heirs original,true,1,Yahweh Can Restore the Wasted Years,"Consequences may be real, but wasted seasons do not place your future beyond Yahweh's redeeming power. Use today's freedom to rebuild trust through patient, consistent faithfulness."
KH-ENC-234,08-22,234,Joel 2:25-27,Kingdom Heirs,true,draft,The New Man • Restoration,https://www.biblegateway.com/passage/?search=Joel%202%3A25-27&version=NIV,Restoration,Kingdom Heirs original,true,1,Restoration Under Pressure,"When regret says too much has been lost, remember this truth: Consequences may be real, but wasted seasons do not place your future beyond Yahweh's redeeming power. Use today's freedom to rebuild trust through patient, consistent faithfulness."
KH-ENC-235,08-23,235,Joel 2:25-27,Kingdom Heirs,true,draft,The New Man • Restoration,https://www.biblegateway.com/passage/?search=Joel%202%3A25-27&version=NIV,Restoration,Kingdom Heirs original,true,1,Practice: Yahweh Can Restore the Wasted Years,"Use today's freedom to rebuild trust through patient, consistent faithfulness. Obedience today prepares the heart for tomorrow's assignment."
KH-ENC-236,08-24,236,Joel 2:25-27,Kingdom Heirs,true,draft,The New Man • Restoration,https://www.biblegateway.com/passage/?search=Joel%202%3A25-27&version=NIV,Restoration,Kingdom Heirs original,true,1,Prayer for Restoration,"Pray today: “Father, redeem what sin damaged and teach me to rebuild without demanding instant results.” Ask boldly, listen humbly, and obey promptly."
KH-ENC-237,08-25,237,John 8:34-36,Kingdom Heirs,true,draft,The New Man • True Freedom,https://www.biblegateway.com/passage/?search=John%208%3A34-36&version=NIV,True Freedom,Kingdom Heirs original,true,1,Freedom Has a Name,Freedom is not pretending bondage never existed; it is the Son breaking its authority and teaching you a new way to live. Depend on Jesus today rather than on willpower alone.
KH-ENC-238,08-26,238,John 8:34-36,Kingdom Heirs,true,draft,The New Man • True Freedom,https://www.biblegateway.com/passage/?search=John%208%3A34-36&version=NIV,True Freedom,Kingdom Heirs original,true,1,True Freedom Under Pressure,"When self-reliance has repeatedly failed, remember this truth: Freedom is not pretending bondage never existed; it is the Son breaking its authority and teaching you a new way to live. Depend on Jesus today rather than on willpower alone."
KH-ENC-239,08-27,239,John 8:34-36,Kingdom Heirs,true,draft,The New Man • True Freedom,https://www.biblegateway.com/passage/?search=John%208%3A34-36&version=NIV,True Freedom,Kingdom Heirs original,true,1,Practice: Freedom Has a Name,"Depend on Jesus today rather than on willpower alone. Jesus is present in the step, not only at the destination."
KH-ENC-240,08-28,240,John 8:34-36,Kingdom Heirs,true,draft,The New Man • True Freedom,https://www.biblegateway.com/passage/?search=John%208%3A34-36&version=NIV,True Freedom,Kingdom Heirs original,true,1,Prayer for True Freedom,"Pray today: “Jesus, make me truly free and teach me to walk daily in the freedom You give.” End the prayer with availability: Here I am, send me."
KH-ENC-241,08-29,241,2 Timothy 3:16-17,Kingdom Heirs,true,draft,Kingdom Heirs Foundations • Scripture,https://www.biblegateway.com/passage/?search=2%20Timothy%203%3A16-17&version=NIV,Scripture,Kingdom Heirs original,true,1,Let Scripture Form You,"Scripture is not merely information to collect; Yahweh breathes it to teach, correct, train, and equip His people. Read slowly enough to identify what the passage reveals and what obedience it requires."
KH-ENC-242,08-30,242,2 Timothy 3:16-17,Kingdom Heirs,true,draft,Kingdom Heirs Foundations • Scripture,https://www.biblegateway.com/passage/?search=2%20Timothy%203%3A16-17&version=NIV,Scripture,Kingdom Heirs original,true,1,Scripture Under Pressure,"When familiar words stop reaching the heart, remember this truth: Scripture is not merely information to collect; Yahweh breathes it to teach, correct, train, and equip His people. Read slowly enough to identify what the passage reveals and what obedience it requires."
KH-ENC-243,08-31,243,2 Timothy 3:16-17,Kingdom Heirs,true,draft,Kingdom Heirs Foundations • Scripture,https://www.biblegateway.com/passage/?search=2%20Timothy%203%3A16-17&version=NIV,Scripture,Kingdom Heirs original,true,1,Practice: Let Scripture Form You,Read slowly enough to identify what the passage reveals and what obedience it requires. A faithful life is built through ordinary obedience.
KH-ENC-244,09-01,244,2 Timothy 3:16-17,Kingdom Heirs,true,draft,Kingdom Heirs Foundations • Scripture,https://www.biblegateway.com/passage/?search=2%20Timothy%203%3A16-17&version=NIV,Scripture,Kingdom Heirs original,true,1,Prayer for Scripture,"Pray today: “Father, open my understanding and form my life through Your written Word.” Carry that prayer into the next decision you make."
KH-ENC-245,09-02,245,Matthew 6:9,Kingdom Heirs,true,draft,Kingdom Heirs Foundations • The Father,https://www.biblegateway.com/passage/?search=Matthew%206%3A9&version=NIV,The Father,Kingdom Heirs original,true,1,Pray to Your Father,Jesus teaches us to approach Yahweh with reverence and the trust of children who know they are heard. Begin prayer with worship and relationship before presenting your requests.
KH-ENC-246,09-03,246,Matthew 6:9,Kingdom Heirs,true,draft,Kingdom Heirs Foundations • The Father,https://www.biblegateway.com/passage/?search=Matthew%206%3A9&version=NIV,The Father,Kingdom Heirs original,true,1,The Father Under Pressure,"When prayer becomes only a list of emergencies, remember this truth: Jesus teaches us to approach Yahweh with reverence and the trust of children who know they are heard. Begin prayer with worship and relationship before presenting your requests."
KH-ENC-247,09-04,247,Matthew 6:9,Kingdom Heirs,true,draft,Kingdom Heirs Foundations • The Father,https://www.biblegateway.com/passage/?search=Matthew%206%3A9&version=NIV,The Father,Kingdom Heirs original,true,1,Practice: Pray to Your Father,Begin prayer with worship and relationship before presenting your requests. You do not have to complete the whole journey today; take the next faithful step.
KH-ENC-248,09-05,248,Matthew 6:9,Kingdom Heirs,true,draft,Kingdom Heirs Foundations • The Father,https://www.biblegateway.com/passage/?search=Matthew%206%3A9&version=NIV,The Father,Kingdom Heirs original,true,1,Prayer for The Father,"Pray today: “Our Father, make Your name holy in my life and align me with Your kingdom.” Remain attentive for the Spirit's practical answer."
KH-ENC-249,09-06,249,Colossians 1:15-20,Kingdom Heirs,true,draft,Kingdom Heirs Foundations • Jesus Christ,https://www.biblegateway.com/passage/?search=Colossians%201%3A15-20&version=NIV,Jesus Christ,Kingdom Heirs original,true,1,Keep Jesus at the Center,"Jesus is not one helpful voice among many; all creation, salvation, and reconciliation find their center in Him. Evaluate today's priorities by whether they honor the lordship of Christ."
KH-ENC-250,09-07,250,Colossians 1:15-20,Kingdom Heirs,true,draft,Kingdom Heirs Foundations • Jesus Christ,https://www.biblegateway.com/passage/?search=Colossians%201%3A15-20&version=NIV,Jesus Christ,Kingdom Heirs original,true,1,Jesus Christ Under Pressure,"When competing voices push Jesus toward the edge, remember this truth: Jesus is not one helpful voice among many; all creation, salvation, and reconciliation find their center in Him. Evaluate today's priorities by whether they honor the lordship of Christ."
KH-ENC-251,09-08,251,Colossians 1:15-20,Kingdom Heirs,true,draft,Kingdom Heirs Foundations • Jesus Christ,https://www.biblegateway.com/passage/?search=Colossians%201%3A15-20&version=NIV,Jesus Christ,Kingdom Heirs original,true,1,Practice: Keep Jesus at the Center,Evaluate today's priorities by whether they honor the lordship of Christ. Small acts of faithfulness are never small when they are offered to Jesus.
KH-ENC-252,09-09,252,Colossians 1:15-20,Kingdom Heirs,true,draft,Kingdom Heirs Foundations • Jesus Christ,https://www.biblegateway.com/passage/?search=Colossians%201%3A15-20&version=NIV,Jesus Christ,Kingdom Heirs original,true,1,Prayer for Jesus Christ,"Pray today: “Jesus, take Your rightful place at the center of my beliefs, choices, and worship.” Trust that Jesus will meet you in the next faithful step."
KH-ENC-253,09-10,253,Galatians 5:25,Kingdom Heirs,true,draft,Kingdom Heirs Foundations • The Holy Spirit,https://www.biblegateway.com/passage/?search=Galatians%205%3A25&version=NIV,The Holy Spirit,Kingdom Heirs original,true,1,Walk With the Spirit,The Holy Spirit is not an occasional experience but the divine Helper who leads believers into daily Christlike life. Pause before decisions and ask how the Spirit is applying Scripture in this moment.
KH-ENC-254,09-11,254,Galatians 5:25,Kingdom Heirs,true,draft,Kingdom Heirs Foundations • The Holy Spirit,https://www.biblegateway.com/passage/?search=Galatians%205%3A25&version=NIV,The Holy Spirit,Kingdom Heirs original,true,1,The Holy Spirit Under Pressure,"When impulse moves faster than spiritual discernment, remember this truth: The Holy Spirit is not an occasional experience but the divine Helper who leads believers into daily Christlike life. Pause before decisions and ask how the Spirit is applying Scripture in this moment."
KH-ENC-255,09-12,255,Galatians 5:25,Kingdom Heirs,true,draft,Kingdom Heirs Foundations • The Holy Spirit,https://www.biblegateway.com/passage/?search=Galatians%205%3A25&version=NIV,The Holy Spirit,Kingdom Heirs original,true,1,Practice: Walk With the Spirit,Pause before decisions and ask how the Spirit is applying Scripture in this moment. Choose consistency over intensity; deep roots usually grow quietly.
KH-ENC-256,09-13,256,Galatians 5:25,Kingdom Heirs,true,draft,Kingdom Heirs Foundations • The Holy Spirit,https://www.biblegateway.com/passage/?search=Galatians%205%3A25&version=NIV,The Holy Spirit,Kingdom Heirs original,true,1,Prayer for The Holy Spirit,"Pray today: “Holy Spirit, lead my steps and form the character of Jesus in me.” Let your actions agree with the words you have prayed."
KH-ENC-257,09-14,257,Matthew 28:19,Kingdom Heirs,true,draft,Kingdom Heirs Foundations • Triune God,https://www.biblegateway.com/passage/?search=Matthew%2028%3A19&version=NIV,Triune God,Kingdom Heirs original,true,1,"Know the Father, Son, and Spirit","Christian faith is life with the one true God revealed as Father, Son, and Holy Spirit. Let your worship honor the Father's love, the Son's saving work, and the Spirit's presence."
KH-ENC-258,09-15,258,Matthew 28:19,Kingdom Heirs,true,draft,Kingdom Heirs Foundations • Triune God,https://www.biblegateway.com/passage/?search=Matthew%2028%3A19&version=NIV,Triune God,Kingdom Heirs original,true,1,Triune God Under Pressure,"When partial understanding makes faith feel fragmented, remember this truth: Christian faith is life with the one true God revealed as Father, Son, and Holy Spirit. Let your worship honor the Father's love, the Son's saving work, and the Spirit's presence."
KH-ENC-259,09-16,259,Matthew 28:19,Kingdom Heirs,true,draft,Kingdom Heirs Foundations • Triune God,https://www.biblegateway.com/passage/?search=Matthew%2028%3A19&version=NIV,Triune God,Kingdom Heirs original,true,1,"Practice: Know the Father, Son, and Spirit","Let your worship honor the Father's love, the Son's saving work, and the Spirit's presence. Let your response be simple, sincere, and immediate."
KH-ENC-260,09-17,260,Matthew 28:19,Kingdom Heirs,true,draft,Kingdom Heirs Foundations • Triune God,https://www.biblegateway.com/passage/?search=Matthew%2028%3A19&version=NIV,Triune God,Kingdom Heirs original,true,1,Prayer for Triune God,"Pray today: “Triune God, deepen my wonder and keep my worship faithful to Your self-revelation.” Return to this prayer whenever pressure rises today."
KH-ENC-261,09-18,261,Genesis 1:1,Kingdom Heirs,true,draft,Kingdom Heirs Foundations • Creation,https://www.biblegateway.com/passage/?search=Genesis%201%3A1&version=NIV,Creation,Kingdom Heirs original,true,1,Begin With the Creator,"Life is not a meaningless accident; it begins with Yahweh, the Creator who gives reality order, purpose, and accountability. Receive today as entrusted time rather than as material for self-centered control."
KH-ENC-262,09-19,262,Genesis 1:1,Kingdom Heirs,true,draft,Kingdom Heirs Foundations • Creation,https://www.biblegateway.com/passage/?search=Genesis%201%3A1&version=NIV,Creation,Kingdom Heirs original,true,1,Creation Under Pressure,"When circumstances make life feel random, remember this truth: Life is not a meaningless accident; it begins with Yahweh, the Creator who gives reality order, purpose, and accountability. Receive today as entrusted time rather than as material for self-centered control."
KH-ENC-263,09-20,263,Genesis 1:1,Kingdom Heirs,true,draft,Kingdom Heirs Foundations • Creation,https://www.biblegateway.com/passage/?search=Genesis%201%3A1&version=NIV,Creation,Kingdom Heirs original,true,1,Practice: Begin With the Creator,Receive today as entrusted time rather than as material for self-centered control. Courage often begins before confidence arrives.
KH-ENC-264,09-21,264,Genesis 1:1,Kingdom Heirs,true,draft,Kingdom Heirs Foundations • Creation,https://www.biblegateway.com/passage/?search=Genesis%201%3A1&version=NIV,Creation,Kingdom Heirs original,true,1,Prayer for Creation,"Pray today: “Creator Yahweh, help me live gratefully and responsibly within the world You made.” Receive grace, then respond with obedience."
KH-ENC-265,09-22,265,Genesis 1:26-27,Kingdom Heirs,true,draft,Kingdom Heirs Foundations • Image of God,https://www.biblegateway.com/passage/?search=Genesis%201%3A26-27&version=NIV,Image of God,Kingdom Heirs original,true,1,See People as Image Bearers,"Every person carries God-given dignity, even when sin has deeply distorted how that dignity is expressed. Treat one overlooked person with the patience and honor due an image bearer."
KH-ENC-266,09-23,266,Genesis 1:26-27,Kingdom Heirs,true,draft,Kingdom Heirs Foundations • Image of God,https://www.biblegateway.com/passage/?search=Genesis%201%3A26-27&version=NIV,Image of God,Kingdom Heirs original,true,1,Image of God Under Pressure,"When difference makes dismissal easier than love, remember this truth: Every person carries God-given dignity, even when sin has deeply distorted how that dignity is expressed. Treat one overlooked person with the patience and honor due an image bearer."
KH-ENC-267,09-24,267,Genesis 1:26-27,Kingdom Heirs,true,draft,Kingdom Heirs Foundations • Image of God,https://www.biblegateway.com/passage/?search=Genesis%201%3A26-27&version=NIV,Image of God,Kingdom Heirs original,true,1,Practice: See People as Image Bearers,Treat one overlooked person with the patience and honor due an image bearer. The Holy Spirit will help you obey what the Word has shown you.
KH-ENC-268,09-25,268,Genesis 1:26-27,Kingdom Heirs,true,draft,Kingdom Heirs Foundations • Image of God,https://www.biblegateway.com/passage/?search=Genesis%201%3A26-27&version=NIV,Image of God,Kingdom Heirs original,true,1,Prayer for Image of God,"Pray today: “Father, teach me to recognize and protect the dignity You have given every person.” Wait quietly long enough to listen as well as speak."
KH-ENC-269,09-26,269,Romans 3:23-24,Kingdom Heirs,true,draft,Kingdom Heirs Foundations • Sin,https://www.biblegateway.com/passage/?search=Romans%203%3A23-24&version=NIV,Sin,Kingdom Heirs original,true,1,Tell the Truth About Sin,"The Gospel is good news because it tells the truth: all have sinned, and redemption is offered freely through Jesus. Refuse both self-righteous comparison and hopeless self-condemnation."
KH-ENC-270,09-27,270,Romans 3:23-24,Kingdom Heirs,true,draft,Kingdom Heirs Foundations • Sin,https://www.biblegateway.com/passage/?search=Romans%203%3A23-24&version=NIV,Sin,Kingdom Heirs original,true,1,Sin Under Pressure,"When you minimize sin or magnify it beyond grace, remember this truth: The Gospel is good news because it tells the truth: all have sinned, and redemption is offered freely through Jesus. Refuse both self-righteous comparison and hopeless self-condemnation."
KH-ENC-271,09-28,271,Romans 3:23-24,Kingdom Heirs,true,draft,Kingdom Heirs Foundations • Sin,https://www.biblegateway.com/passage/?search=Romans%203%3A23-24&version=NIV,Sin,Kingdom Heirs original,true,1,Practice: Tell the Truth About Sin,Refuse both self-righteous comparison and hopeless self-condemnation. Faithful discipleship matters more than public applause.
KH-ENC-272,09-29,272,Romans 3:23-24,Kingdom Heirs,true,draft,Kingdom Heirs Foundations • Sin,https://www.biblegateway.com/passage/?search=Romans%203%3A23-24&version=NIV,Sin,Kingdom Heirs original,true,1,Prayer for Sin,"Pray today: “Jesus, keep me honest about sin and confident in the redemption You provide.” Offer the whole day—not only the difficult part—to Yahweh."
KH-ENC-273,09-30,273,Ephesians 2:8-10,Kingdom Heirs,true,draft,Kingdom Heirs Foundations • Salvation,https://www.biblegateway.com/passage/?search=Ephesians%202%3A8-10&version=NIV,Salvation,Kingdom Heirs original,true,1,Saved by Grace for Good Works,"You are saved by grace through faith, not by achievement; then grace sends you into a life of fruitful obedience. Serve from gratitude rather than trying to purchase Yahweh's acceptance."
KH-ENC-274,10-01,274,Ephesians 2:8-10,Kingdom Heirs,true,draft,Kingdom Heirs Foundations • Salvation,https://www.biblegateway.com/passage/?search=Ephesians%202%3A8-10&version=NIV,Salvation,Kingdom Heirs original,true,1,Salvation Under Pressure,"When religious activity becomes a way to prove your worth, remember this truth: You are saved by grace through faith, not by achievement; then grace sends you into a life of fruitful obedience. Serve from gratitude rather than trying to purchase Yahweh's acceptance."
KH-ENC-275,10-02,275,Ephesians 2:8-10,Kingdom Heirs,true,draft,Kingdom Heirs Foundations • Salvation,https://www.biblegateway.com/passage/?search=Ephesians%202%3A8-10&version=NIV,Salvation,Kingdom Heirs original,true,1,Practice: Saved by Grace for Good Works,Serve from gratitude rather than trying to purchase Yahweh's acceptance. Do what love requires and trust Yahweh with the result.
KH-ENC-276,10-03,276,Ephesians 2:8-10,Kingdom Heirs,true,draft,Kingdom Heirs Foundations • Salvation,https://www.biblegateway.com/passage/?search=Ephesians%202%3A8-10&version=NIV,Salvation,Kingdom Heirs original,true,1,Prayer for Salvation,"Pray today: “Father, keep my confidence in grace and make my gratitude fruitful in good works.” Let peace replace hurry before you move forward."
KH-ENC-277,10-04,277,Acts 2:42,Kingdom Heirs,true,draft,Kingdom Heirs Foundations • The Church,https://www.biblegateway.com/passage/?search=Acts%202%3A42&version=NIV,The Church,Kingdom Heirs original,true,1,Devote Yourself to the Fellowship,"The Christian life is personal but never private; believers grow through teaching, fellowship, shared meals, prayer, and mission. Strengthen your local church through presence, service, generosity, and prayer."
KH-ENC-278,10-05,278,Acts 2:42,Kingdom Heirs,true,draft,Kingdom Heirs Foundations • The Church,https://www.biblegateway.com/passage/?search=Acts%202%3A42&version=NIV,The Church,Kingdom Heirs original,true,1,The Church Under Pressure,"When disappointment tempts you to follow Jesus in isolation, remember this truth: The Christian life is personal but never private; believers grow through teaching, fellowship, shared meals, prayer, and mission. Strengthen your local church through presence, service, generosity, and prayer."
KH-ENC-279,10-06,279,Acts 2:42,Kingdom Heirs,true,draft,Kingdom Heirs Foundations • The Church,https://www.biblegateway.com/passage/?search=Acts%202%3A42&version=NIV,The Church,Kingdom Heirs original,true,1,Practice: Devote Yourself to the Fellowship,"Strengthen your local church through presence, service, generosity, and prayer. Truth becomes formative when it is practiced."
KH-ENC-280,10-07,280,Acts 2:42,Kingdom Heirs,true,draft,Kingdom Heirs Foundations • The Church,https://www.biblegateway.com/passage/?search=Acts%202%3A42&version=NIV,The Church,Kingdom Heirs original,true,1,Prayer for The Church,"Pray today: “Jesus, heal my heart and help me participate faithfully in Your people.” Believe that the Father welcomes sincere dependence."
KH-ENC-281,10-08,281,Matthew 6:6,Kingdom Heirs,true,draft,Kingdom Heirs Foundations • Prayer,https://www.biblegateway.com/passage/?search=Matthew%206%3A6&version=NIV,Prayer,Kingdom Heirs original,true,1,Meet the Father in the Secret Place,Hidden prayer forms a life that does not depend on public attention for spiritual energy. Close the door on distraction and give Yahweh your undivided attention.
KH-ENC-282,10-09,282,Matthew 6:6,Kingdom Heirs,true,draft,Kingdom Heirs Foundations • Prayer,https://www.biblegateway.com/passage/?search=Matthew%206%3A6&version=NIV,Prayer,Kingdom Heirs original,true,1,Prayer Under Pressure,"When public activity has replaced private communion, remember this truth: Hidden prayer forms a life that does not depend on public attention for spiritual energy. Close the door on distraction and give Yahweh your undivided attention."
KH-ENC-283,10-10,283,Matthew 6:6,Kingdom Heirs,true,draft,Kingdom Heirs Foundations • Prayer,https://www.biblegateway.com/passage/?search=Matthew%206%3A6&version=NIV,Prayer,Kingdom Heirs original,true,1,Practice: Meet the Father in the Secret Place,Close the door on distraction and give Yahweh your undivided attention. Obedience today prepares the heart for tomorrow's assignment.
KH-ENC-284,10-11,284,Matthew 6:6,Kingdom Heirs,true,draft,Kingdom Heirs Foundations • Prayer,https://www.biblegateway.com/passage/?search=Matthew%206%3A6&version=NIV,Prayer,Kingdom Heirs original,true,1,Prayer for Prayer,"Pray today: “Father, meet me in the secret place and purify the motives behind my service.” Ask boldly, listen humbly, and obey promptly."
KH-ENC-285,10-12,285,Matthew 6:33,Kingdom Heirs,true,draft,Kingdom Heirs Foundations • Kingdom,https://www.biblegateway.com/passage/?search=Matthew%206%3A33&version=NIV,Kingdom,Kingdom Heirs original,true,1,Seek the Kingdom First,"Seeking Yahweh's kingdom first means bringing every concern under His reign rather than adding religion to a self-ruled life. Place today's strongest concern beneath the priorities of righteousness, love, and obedience."
KH-ENC-286,10-13,286,Matthew 6:33,Kingdom Heirs,true,draft,Kingdom Heirs Foundations • Kingdom,https://www.biblegateway.com/passage/?search=Matthew%206%3A33&version=NIV,Kingdom,Kingdom Heirs original,true,1,Kingdom Under Pressure,"When anxiety rearranges your priorities, remember this truth: Seeking Yahweh's kingdom first means bringing every concern under His reign rather than adding religion to a self-ruled life. Place today's strongest concern beneath the priorities of righteousness, love, and obedience."
KH-ENC-287,10-14,287,Matthew 6:33,Kingdom Heirs,true,draft,Kingdom Heirs Foundations • Kingdom,https://www.biblegateway.com/passage/?search=Matthew%206%3A33&version=NIV,Kingdom,Kingdom Heirs original,true,1,Practice: Seek the Kingdom First,"Place today's strongest concern beneath the priorities of righteousness, love, and obedience. Jesus is present in the step, not only at the destination."
KH-ENC-288,10-15,288,Matthew 6:33,Kingdom Heirs,true,draft,Kingdom Heirs Foundations • Kingdom,https://www.biblegateway.com/passage/?search=Matthew%206%3A33&version=NIV,Kingdom,Kingdom Heirs original,true,1,Prayer for Kingdom,"Pray today: “Father, let Your kingdom govern my time, money, relationships, and decisions.” End the prayer with availability: Here I am, send me."
KH-ENC-289,10-16,289,1 Peter 1:15-16,Kingdom Heirs,true,draft,Kingdom Heirs Foundations • Holiness,https://www.biblegateway.com/passage/?search=1%20Peter%201%3A15-16&version=NIV,Holiness,Kingdom Heirs original,true,1,Become Holy in All You Do,Holiness is not spiritual superiority; it is a life increasingly set apart to reflect Yahweh's character. Ask what faithfulness looks like in the ordinary details no one else reviews.
KH-ENC-290,10-17,290,1 Peter 1:15-16,Kingdom Heirs,true,draft,Kingdom Heirs Foundations • Holiness,https://www.biblegateway.com/passage/?search=1%20Peter%201%3A15-16&version=NIV,Holiness,Kingdom Heirs original,true,1,Holiness Under Pressure,"When compromise appears harmless because it is private, remember this truth: Holiness is not spiritual superiority; it is a life increasingly set apart to reflect Yahweh's character. Ask what faithfulness looks like in the ordinary details no one else reviews."
KH-ENC-291,10-18,291,1 Peter 1:15-16,Kingdom Heirs,true,draft,Kingdom Heirs Foundations • Holiness,https://www.biblegateway.com/passage/?search=1%20Peter%201%3A15-16&version=NIV,Holiness,Kingdom Heirs original,true,1,Practice: Become Holy in All You Do,Ask what faithfulness looks like in the ordinary details no one else reviews. A faithful life is built through ordinary obedience.
KH-ENC-292,10-19,292,1 Peter 1:15-16,Kingdom Heirs,true,draft,Kingdom Heirs Foundations • Holiness,https://www.biblegateway.com/passage/?search=1%20Peter%201%3A15-16&version=NIV,Holiness,Kingdom Heirs original,true,1,Prayer for Holiness,"Pray today: “Holy God, purify my desires and make my conduct reflect the One who called me.” Carry that prayer into the next decision you make."
KH-ENC-293,10-20,293,"Revelation 22:12, 20",Kingdom Heirs,true,draft,Kingdom Heirs Foundations • The Coming King,https://www.biblegateway.com/passage/?search=Revelation%2022%3A12%2C%2020&version=NIV,The Coming King,Kingdom Heirs original,true,1,Live Ready for His Coming,"Jesus will return, so Christian hope is not escape from responsibility but motivation for faithful, watchful living. Complete one neglected act of obedience as someone preparing to meet the King."
KH-ENC-294,10-21,294,"Revelation 22:12, 20",Kingdom Heirs,true,draft,Kingdom Heirs Foundations • The Coming King,https://www.biblegateway.com/passage/?search=Revelation%2022%3A12%2C%2020&version=NIV,The Coming King,Kingdom Heirs original,true,1,The Coming King Under Pressure,"When delay makes eternal truth feel distant, remember this truth: Jesus will return, so Christian hope is not escape from responsibility but motivation for faithful, watchful living. Complete one neglected act of obedience as someone preparing to meet the King."
KH-ENC-295,10-22,295,"Revelation 22:12, 20",Kingdom Heirs,true,draft,Kingdom Heirs Foundations • The Coming King,https://www.biblegateway.com/passage/?search=Revelation%2022%3A12%2C%2020&version=NIV,The Coming King,Kingdom Heirs original,true,1,Practice: Live Ready for His Coming,Complete one neglected act of obedience as someone preparing to meet the King. You do not have to complete the whole journey today; take the next faithful step.
KH-ENC-296,10-23,296,"Revelation 22:12, 20",Kingdom Heirs,true,draft,Kingdom Heirs Foundations • The Coming King,https://www.biblegateway.com/passage/?search=Revelation%2022%3A12%2C%2020&version=NIV,The Coming King,Kingdom Heirs original,true,1,Prayer for The Coming King,"Pray today: “Come, Lord Jesus; find me faithful, awake, and occupied with what matters to Your kingdom.” Remain attentive for the Spirit's practical answer."
KH-ENC-297,10-24,297,1 Corinthians 15:57-58,Kingdom Heirs,true,draft,Kingdom Heirs Foundations • Resurrection Hope,https://www.biblegateway.com/passage/?search=1%20Corinthians%2015%3A57-58&version=NIV,Resurrection Hope,Kingdom Heirs original,true,1,Your Labor Is Not in Vain,"Because Jesus is risen and death will be defeated, faithful labor offered to Him is never wasted. Stand firm in the assignment that still looks small, slow, or unseen."
KH-ENC-298,10-25,298,1 Corinthians 15:57-58,Kingdom Heirs,true,draft,Kingdom Heirs Foundations • Resurrection Hope,https://www.biblegateway.com/passage/?search=1%20Corinthians%2015%3A57-58&version=NIV,Resurrection Hope,Kingdom Heirs original,true,1,Resurrection Hope Under Pressure,"When discouragement says your work has made no difference, remember this truth: Because Jesus is risen and death will be defeated, faithful labor offered to Him is never wasted. Stand firm in the assignment that still looks small, slow, or unseen."
KH-ENC-299,10-26,299,1 Corinthians 15:57-58,Kingdom Heirs,true,draft,Kingdom Heirs Foundations • Resurrection Hope,https://www.biblegateway.com/passage/?search=1%20Corinthians%2015%3A57-58&version=NIV,Resurrection Hope,Kingdom Heirs original,true,1,Practice: Your Labor Is Not in Vain,"Stand firm in the assignment that still looks small, slow, or unseen. Small acts of faithfulness are never small when they are offered to Jesus."
KH-ENC-300,10-27,300,1 Corinthians 15:57-58,Kingdom Heirs,true,draft,Kingdom Heirs Foundations • Resurrection Hope,https://www.biblegateway.com/passage/?search=1%20Corinthians%2015%3A57-58&version=NIV,Resurrection Hope,Kingdom Heirs original,true,1,Prayer for Resurrection Hope,"Pray today: “Risen Jesus, make me steadfast and joyful in the work You have entrusted to me.” Trust that Jesus will meet you in the next faithful step."
KH-ENC-301,10-28,301,Galatians 6:9,Kingdom Heirs,true,draft,Heroes of Faith • Perseverance,https://www.biblegateway.com/passage/?search=Galatians%206%3A9&version=NIV,Perseverance,Kingdom Heirs legacy reflection,true,1,Legacy of Adoniram Judson,Adoniram Judson labored for years before seeing visible fruit. His endurance reminds us that delayed harvest is not wasted obedience. Keep sowing the Word; Yahweh sees roots forming long before people see growth.
KH-ENC-302,10-29,302,Matthew 25:40,Kingdom Heirs,true,draft,Heroes of Faith • Compassionate Service,https://www.biblegateway.com/passage/?search=Matthew%2025%3A40&version=NIV,Compassionate Service,Kingdom Heirs legacy reflection,true,1,Legacy of Albert Schweitzer,"Albert Schweitzer's medical service reminds us that knowledge reaches its noblest purpose when it becomes compassion. Let your skill serve people in need, and let every act of mercy point beyond you to Christ."
KH-ENC-303,10-30,303,James 1:27,Kingdom Heirs,true,draft,Heroes of Faith • Protecting the Vulnerable,https://www.biblegateway.com/passage/?search=James%201%3A27&version=NIV,Protecting the Vulnerable,Kingdom Heirs legacy reflection,true,1,Legacy of Amy Carmichael,"Amy Carmichael saw children whom others overlooked and made their protection part of her obedience. Faith does not step around suffering; it moves toward the vulnerable with courage, patience, and practical love."
KH-ENC-304,10-31,304,Colossians 3:23-24,Kingdom Heirs,true,draft,Heroes of Faith • Skill as Mission,https://www.biblegateway.com/passage/?search=Colossians%203%3A23-24&version=NIV,Skill as Mission,Kingdom Heirs legacy reflection,true,1,Legacy of Betty Greene,Betty Greene placed her ability to fly at the service of the Gospel. Your professional skill can become ministry when it is surrendered to Jesus and directed toward needs larger than personal success.
KH-ENC-305,11-01,305,Acts 4:29,Kingdom Heirs,true,draft,Heroes of Faith • Courage,https://www.biblegateway.com/passage/?search=Acts%204%3A29&version=NIV,Courage,Kingdom Heirs legacy reflection,true,1,Legacy of Brother Andrew,Brother Andrew carried Scripture through doors others considered closed. Courage is not pretending danger is absent; it is obeying Jesus while trusting that no barrier is greater than His authority.
KH-ENC-306,11-02,306,Revelation 7:9,Kingdom Heirs,true,draft,Heroes of Faith • Bible Translation,https://www.biblegateway.com/passage/?search=Revelation%207%3A9&version=NIV,Bible Translation,Kingdom Heirs legacy reflection,true,1,Legacy of Cameron Townsend,Cameron Townsend recognized that every people should hear Yahweh's Word in the language of the heart. Never confuse your familiar way of speaking with the only way truth can be faithfully communicated.
KH-ENC-307,11-03,307,Psalm 68:5-6,Kingdom Heirs,true,draft,Heroes of Faith • Redemptive Compassion,https://www.biblegateway.com/passage/?search=Psalm%2068%3A5-6&version=NIV,Redemptive Compassion,Kingdom Heirs legacy reflection,true,1,Legacy of Charles Mulli,Charles Mulli's life shows how personal pain can be surrendered to become compassion for abandoned children. Jesus can redeem what wounded you and make your healed places a shelter for others.
KH-ENC-308,11-04,308,Romans 10:17,Kingdom Heirs,true,draft,Heroes of Faith • Creative Evangelism,https://www.biblegateway.com/passage/?search=Romans%2010%3A17&version=NIV,Creative Evangelism,Kingdom Heirs legacy reflection,true,1,Legacy of Clarence Jones,"Clarence Jones embraced radio so the Gospel could travel farther than one human voice. Use today's tools wisely: technology becomes ministry when truth, love, and faithful follow-up govern the message."
KH-ENC-309,11-05,309,Ephesians 4:32,Kingdom Heirs,true,draft,Heroes of Faith • Forgiveness,https://www.biblegateway.com/passage/?search=Ephesians%204%3A32&version=NIV,Forgiveness,Kingdom Heirs legacy reflection,true,1,Legacy of Corrie ten Boom,Corrie ten Boom's witness reminds us that forgiveness can resist hatred even after unspeakable suffering. Forgiveness does not call evil good; it releases vengeance to Yahweh and refuses to let evil reproduce itself within us.
KH-ENC-310,11-06,310,Acts 13:2-3,Kingdom Heirs,true,draft,Heroes of Faith • Prayer and Mission,https://www.biblegateway.com/passage/?search=Acts%2013%3A2-3&version=NIV,Prayer and Mission,Kingdom Heirs legacy reflection,true,1,Legacy of Count Zinzendorf,"Count Zinzendorf helped cultivate a praying community that became a sending community. Sustained mission is rarely born from excitement alone; it grows where worship, prayer, sacrifice, and shared obedience remain together."
KH-ENC-311,11-07,311,1 Peter 3:15,Kingdom Heirs,true,draft,Heroes of Faith • Faithful Communication,https://www.biblegateway.com/passage/?search=1%20Peter%203%3A15&version=NIV,Faithful Communication,Kingdom Heirs legacy reflection,true,1,Legacy of C.S. Lewis,"C.S. Lewis showed that truth can be communicated with reason, imagination, and clarity. Learn deeply, speak simply, and let every explanation of the faith remain centered on Jesus rather than intellectual pride."
KH-ENC-312,11-08,312,Luke 9:62,Kingdom Heirs,true,draft,Heroes of Faith • Surrender,https://www.biblegateway.com/passage/?search=Luke%209%3A62&version=NIV,Surrender,Kingdom Heirs legacy reflection,true,1,Legacy of C.T. Studd,C.T. Studd's life confronts the desire to keep a safe retreat behind our obedience. What is surrendered to Jesus is never finally lost; it is invested in a kingdom whose value outlasts comfort and applause.
KH-ENC-313,11-09,313,1 Peter 4:10,Kingdom Heirs,true,draft,Heroes of Faith • Marketplace Stewardship,https://www.biblegateway.com/passage/?search=1%20Peter%204%3A10&version=NIV,Marketplace Stewardship,Kingdom Heirs legacy reflection,true,1,Legacy of David Bussau,"David Bussau's work demonstrates that enterprise can serve human dignity and kingdom purpose. Business ability is not separate from discipleship; it is a stewardship to create opportunity, solve problems, and serve people faithfully."
KH-ENC-314,11-10,314,Philippians 3:13-14,Kingdom Heirs,true,draft,Heroes of Faith • Forward Obedience,https://www.biblegateway.com/passage/?search=Philippians%203%3A13-14&version=NIV,Forward Obedience,Kingdom Heirs legacy reflection,true,1,Legacy of David Livingstone,"David Livingstone kept pressing into difficult places with a burden for Africa. You may not see the whole road, but you can keep moving forward in the direction of Christ's compassion and commission."
KH-ENC-315,11-11,315,Acts 5:29,Kingdom Heirs,true,draft,Heroes of Faith • Costly Faithfulness,https://www.biblegateway.com/passage/?search=Acts%205%3A29&version=NIV,Costly Faithfulness,Kingdom Heirs legacy reflection,true,1,Legacy of Dietrich Bonhoeffer,"Dietrich Bonhoeffer's stand in a wicked time reminds us that discipleship cannot be reduced to safe agreement. When loyalty to Jesus conflicts with cultural pressure, faithful obedience may become costly—and still remain right."
KH-ENC-316,11-12,316,1 Corinthians 2:1-2,Kingdom Heirs,true,draft,Heroes of Faith • Gospel Simplicity,https://www.biblegateway.com/passage/?search=1%20Corinthians%202%3A1-2&version=NIV,Gospel Simplicity,Kingdom Heirs legacy reflection,true,1,Legacy of D.L. Moody,"D.L. Moody carried a clear Gospel to ordinary people with urgent compassion. You do not need impressive language to point someone to Jesus; you need truth, love, dependence on the Spirit, and willingness to speak."
KH-ENC-317,11-13,317,Luke 1:38,Kingdom Heirs,true,draft,Heroes of Faith • Surrendered Trust,https://www.biblegateway.com/passage/?search=Luke%201%3A38&version=NIV,Surrendered Trust,Kingdom Heirs legacy reflection,true,1,Legacy of Elisabeth Elliot,Elisabeth Elliot's life teaches that surrender is not passive resignation; it is active trust in the character of Yahweh when the path is painful and the explanation is incomplete.
KH-ENC-318,11-14,318,1 Corinthians 10:31,Kingdom Heirs,true,draft,Heroes of Faith • Identity Beyond Achievement,https://www.biblegateway.com/passage/?search=1%20Corinthians%2010%3A31&version=NIV,Identity Beyond Achievement,Kingdom Heirs legacy reflection,true,1,Legacy of Eric Liddell,"Eric Liddell refused to let achievement become his master. Gifts and competition can glorify Yahweh, but your identity must remain deeper than performance, medals, recognition, or the expectations of a crowd."
KH-ENC-319,11-15,319,Psalm 96:3,Kingdom Heirs,true,draft,Heroes of Faith • Patient Mission,https://www.biblegateway.com/passage/?search=Psalm%2096%3A3&version=NIV,Patient Mission,Kingdom Heirs legacy reflection,true,1,Legacy of Florence Young,"Florence Young answered the missionary call with sustained service rather than momentary enthusiasm. A kingdom assignment is often accomplished through years of patient love, steady teaching, and trust in Yahweh's timing."
KH-ENC-320,11-16,320,2 Timothy 4:2,Kingdom Heirs,true,draft,Heroes of Faith • Endurance in Ministry,https://www.biblegateway.com/passage/?search=2%20Timothy%204%3A2&version=NIV,Endurance in Ministry,Kingdom Heirs legacy reflection,true,1,Legacy of Francis Asbury,"Francis Asbury traveled relentlessly to strengthen scattered believers and proclaim Christ. Ministry is not always glamorous; sometimes faithfulness looks like showing up again, carrying the Word, and caring for people across long distances."
KH-ENC-321,11-17,321,Philippians 4:6,Kingdom Heirs,true,draft,Heroes of Faith • Prayerful Dependence,https://www.biblegateway.com/passage/?search=Philippians%204%3A6&version=NIV,Prayerful Dependence,Kingdom Heirs legacy reflection,true,1,Legacy of George Müller,"George Müller's care for orphans was sustained by prayerful dependence on Yahweh. Bring real needs to the Father, work faithfully with what He provides, and let answered prayer deepen gratitude rather than personal fame."
KH-ENC-322,11-18,322,Hebrews 11:8,Kingdom Heirs,true,draft,Heroes of Faith • Obedient Steps,https://www.biblegateway.com/passage/?search=Hebrews%2011%3A8&version=NIV,Obedient Steps,Kingdom Heirs legacy reflection,true,1,Legacy of Gladys Aylward,Gladys Aylward's journey reminds us that one determined act of obedience can open a road no committee could fully predict. Do not despise the next faithful step merely because the destination looks impossible.
KH-ENC-323,11-19,323,2 Corinthians 4:8-9,Kingdom Heirs,true,draft,Heroes of Faith • Faithful Service in Suffering,https://www.biblegateway.com/passage/?search=2%20Corinthians%204%3A8-9&version=NIV,Faithful Service in Suffering,Kingdom Heirs legacy reflection,true,1,Legacy of Helen Roseveare,Helen Roseveare continued serving through sacrifice and suffering. Pain is not proof that Yahweh has abandoned the mission; His presence can sustain a witness that hardship cannot silence.
KH-ENC-324,11-20,324,Philippians 4:19,Kingdom Heirs,true,draft,Heroes of Faith • Trust and Humility,https://www.biblegateway.com/passage/?search=Philippians%204%3A19&version=NIV,Trust and Humility,Kingdom Heirs legacy reflection,true,1,Legacy of Hudson Taylor,"Hudson Taylor joined deep dependence on Yahweh with respect for the people he served. Effective mission listens, learns, adapts what is merely cultural, and refuses to compromise the unchanging Gospel of Jesus."
KH-ENC-325,11-21,325,Luke 10:9,Kingdom Heirs,true,draft,Heroes of Faith • Healing Service,https://www.biblegateway.com/passage/?search=Luke%2010%3A9&version=NIV,Healing Service,Kingdom Heirs legacy reflection,true,1,Legacy of Ida Scudder,Ida Scudder answered suffering with medical skill and enduring service. Caring for bodies and caring for souls do not have to compete; compassion can address immediate pain while pointing toward the hope of Christ.
KH-ENC-326,11-22,326,Isaiah 52:7,Kingdom Heirs,true,draft,Heroes of Faith • Faithfulness in Remote Places,https://www.biblegateway.com/passage/?search=Isaiah%2052%3A7&version=NIV,Faithfulness in Remote Places,Kingdom Heirs legacy reflection,true,1,Legacy of Isobel Kuhn,"Isobel Kuhn served in places far from ease and recognition. No community is too remote, no person too hidden, and no faithful act too small to matter in the mission of Jesus."
KH-ENC-327,11-23,327,Matthew 5:44,Kingdom Heirs,true,draft,Heroes of Faith • Love for Enemies,https://www.biblegateway.com/passage/?search=Matthew%205%3A44&version=NIV,Love for Enemies,Kingdom Heirs legacy reflection,true,1,Legacy of Jacob DeShazer,Jacob DeShazer's transformed life shows that Jesus can replace hatred with a mission of reconciliation. The Gospel does not merely restrain revenge; it creates the power to pray for and serve former enemies.
KH-ENC-328,11-24,328,Mark 8:35,Kingdom Heirs,true,draft,Heroes of Faith • Eternal Purpose,https://www.biblegateway.com/passage/?search=Mark%208%3A35&version=NIV,Eternal Purpose,Kingdom Heirs legacy reflection,true,1,Legacy of Jim Elliot,Jim Elliot's life asks whether comfort has become more valuable to us than obedience. A life centered on Jesus may appear costly to the world while being rich in eternal purpose.
KH-ENC-329,11-25,329,Luke 15:4,Kingdom Heirs,true,draft,Heroes of Faith • Reaching the Isolated,https://www.biblegateway.com/passage/?search=Luke%2015%3A4&version=NIV,Reaching the Isolated,Kingdom Heirs legacy reflection,true,1,Legacy of John Flynn,John Flynn helped carry care to people scattered across remote country. Kingdom compassion notices those made invisible by distance and develops practical ways to reach them rather than waiting for them to arrive.
KH-ENC-330,11-26,330,1 Timothy 1:15-16,Kingdom Heirs,true,draft,Heroes of Faith • Transforming Grace,https://www.biblegateway.com/passage/?search=1%20Timothy%201%3A15-16&version=NIV,Transforming Grace,Kingdom Heirs legacy reflection,true,1,Legacy of John Newton,John Newton's changed life testifies that grace can confront a shameful past and create a different future. Do not glorify who you were; glorify the mercy of Jesus and live as evidence that repentance is real.
KH-ENC-331,11-27,331,Mark 16:15,Kingdom Heirs,true,draft,Heroes of Faith • Evangelistic Zeal,https://www.biblegateway.com/passage/?search=Mark%2016%3A15&version=NIV,Evangelistic Zeal,Kingdom Heirs legacy reflection,true,1,Legacy of John Wesley,"John Wesley carried the Gospel beyond comfortable religious spaces to people who needed to hear. The mission field begins wherever Jesus is not yet trusted, followed, or clearly proclaimed."
KH-ENC-332,11-28,332,Romans 10:14-15,Kingdom Heirs,true,draft,Heroes of Faith • Cross-Cultural Mission,https://www.biblegateway.com/passage/?search=Romans%2010%3A14-15&version=NIV,Cross-Cultural Mission,Kingdom Heirs legacy reflection,true,1,Legacy of John Williams,"John Williams crossed oceans to carry the message of peace in Jesus. The Gospel is worth translating, traveling, sacrificing, and partnering for so that people can hear and respond."
KH-ENC-333,11-29,333,1 Corinthians 16:9,Kingdom Heirs,true,draft,Heroes of Faith • Revival and Open Doors,https://www.biblegateway.com/passage/?search=1%20Corinthians%2016%3A9&version=NIV,Revival and Open Doors,Kingdom Heirs legacy reflection,true,1,Legacy of Jonathan Goforth,Jonathan Goforth pursued open doors for the Gospel through prayer and perseverance. Opposition does not always mean a door is closed; sometimes it confirms that patient courage and spiritual discernment are required.
KH-ENC-334,11-30,334,Colossians 3:17,Kingdom Heirs,true,draft,Heroes of Faith • Excellence With Compassion,https://www.biblegateway.com/passage/?search=Colossians%203%3A17&version=NIV,Excellence With Compassion,Kingdom Heirs legacy reflection,true,1,Legacy of Klaus-Dieter John,"Klaus-Dieter John's medical mission reflects how excellence and compassion can work together. Prepare your skill carefully, offer it humbly, and let professional service become a credible expression of Christ's love."
KH-ENC-335,12-01,335,Psalm 82:3,Kingdom Heirs,true,draft,Heroes of Faith • Care for Orphans,https://www.biblegateway.com/passage/?search=Psalm%2082%3A3&version=NIV,Care for Orphans,Kingdom Heirs legacy reflection,true,1,Legacy of Lillian Trasher,Lillian Trasher made room for children who needed family and protection. Great kingdom impact often begins by refusing to turn away from the need Yahweh has placed directly in front of you.
KH-ENC-336,12-02,336,Matthew 9:37-38,Kingdom Heirs,true,draft,Heroes of Faith • Mobilizing the Next Generation,https://www.biblegateway.com/passage/?search=Matthew%209%3A37-38&version=NIV,Mobilizing the Next Generation,Kingdom Heirs legacy reflection,true,1,Legacy of Loren Cunningham,"Loren Cunningham envisioned waves of young people carrying the Gospel across nations. Do not dismiss willing servants because of youth; disciple them, trust them with responsibility, and send them with prayer and accountability."
KH-ENC-337,12-03,337,2 Corinthians 12:15,Kingdom Heirs,true,draft,Heroes of Faith • Wholehearted Giving,https://www.biblegateway.com/passage/?search=2%20Corinthians%2012%3A15&version=NIV,Wholehearted Giving,Kingdom Heirs legacy reflection,true,1,Legacy of Lottie Moon,"Lottie Moon gave herself with endurance to people far from home. Generosity is more than a special offering; it is a life that makes time, comfort, resources, and love available to Jesus."
KH-ENC-338,12-04,338,Micah 6:8,Kingdom Heirs,true,draft,Heroes of Faith • Courageous Mercy,https://www.biblegateway.com/passage/?search=Micah%206%3A8&version=NIV,Courageous Mercy,Kingdom Heirs legacy reflection,true,1,Legacy of Mary Slessor,"Mary Slessor combined courage with mercy among vulnerable people. Kingdom bravery is not domination; it is the willingness to confront harm, protect life, walk humbly, and remain present."
KH-ENC-339,12-05,339,Isaiah 40:31,Kingdom Heirs,true,draft,Heroes of Faith • Perseverance on Hard Roads,https://www.biblegateway.com/passage/?search=Isaiah%2040%3A31&version=NIV,Perseverance on Hard Roads,Kingdom Heirs legacy reflection,true,1,Legacy of Mildred Cable,"Mildred Cable's long roads of mission remind us that endurance is built before the destination appears. Wait on Yahweh, renew your strength, and keep carrying hope across difficult terrain."
KH-ENC-340,12-06,340,Philippians 1:20,Kingdom Heirs,true,draft,Heroes of Faith • Surrendered Skill,https://www.biblegateway.com/passage/?search=Philippians%201%3A20&version=NIV,Surrendered Skill,Kingdom Heirs legacy reflection,true,1,Legacy of Nate Saint,"Nate Saint placed technical skill, courage, and life itself under the lordship of Jesus. Ask not only what you are capable of doing, but whom your ability has been entrusted to serve."
KH-ENC-341,12-07,341,Ephesians 6:18,Kingdom Heirs,true,draft,Heroes of Faith • Intercession and Teamwork,https://www.biblegateway.com/passage/?search=Ephesians%206%3A18&version=NIV,Intercession and Teamwork,Kingdom Heirs legacy reflection,true,1,Legacy of Norman Grubb,"Norman Grubb's ministry highlights the unseen strength of intercession and shared mission. Kingdom work becomes healthier when prayer, leadership, teamwork, and dependence on the Spirit remain connected."
KH-ENC-342,12-08,342,Luke 5:12-13,Kingdom Heirs,true,draft,Heroes of Faith • Human Dignity,https://www.biblegateway.com/passage/?search=Luke%205%3A12-13&version=NIV,Human Dignity,Kingdom Heirs legacy reflection,true,1,Legacy of Paul Brand,"Paul Brand treated people marked by disease as persons carrying God-given dignity. Compassion looks beyond a condition, refuses disgust, and brings skillful care close enough for suffering people to feel seen."
KH-ENC-343,12-09,343,Romans 12:21,Kingdom Heirs,true,draft,Heroes of Faith • Reconciliation,https://www.biblegateway.com/passage/?search=Romans%2012%3A21&version=NIV,Reconciliation,Kingdom Heirs legacy reflection,true,1,Legacy of Rachel Saint,"Rachel Saint returned with love where grief could have produced lifelong bitterness. Jesus can turn wounded history into patient reconciliation when truth, forgiveness, language, and long-term presence work together."
KH-ENC-344,12-10,344,Romans 8:35-37,Kingdom Heirs,true,draft,Heroes of Faith • Faith Under Persecution,https://www.biblegateway.com/passage/?search=Romans%208%3A35-37&version=NIV,Faith Under Persecution,Kingdom Heirs legacy reflection,true,1,Legacy of Richard Wurmbrand,"Richard Wurmbrand's witness shows that imprisonment cannot imprison the Gospel. Suffering may restrict movement, but it cannot separate believers from Christ or prevent love from reaching enemies."
KH-ENC-345,12-11,345,Psalm 126:5-6,Kingdom Heirs,true,draft,Heroes of Faith • Persistence After Setbacks,https://www.biblegateway.com/passage/?search=Psalm%20126%3A5-6&version=NIV,Persistence After Setbacks,Kingdom Heirs legacy reflection,true,1,Legacy of Rowland Bingham,Rowland Bingham endured painful setbacks without abandoning the call to Africa. Tears and faithful sowing can occupy the same season; keep planting while trusting Yahweh for a harvest you may not yet see.
KH-ENC-346,12-12,346,Romans 10:1,Kingdom Heirs,true,draft,Heroes of Faith • Patient Witness,https://www.biblegateway.com/passage/?search=Romans%2010%3A1&version=NIV,Patient Witness,Kingdom Heirs legacy reflection,true,1,Legacy of Samuel Zwemer,"Samuel Zwemer carried a deep burden for people in the Muslim world. Faithful witness begins with prayer, respect, patient presence, clear truth, and a heart that longs for people to know Jesus—not to win arguments."
KH-ENC-347,12-13,347,Matthew 16:24,Kingdom Heirs,true,draft,Heroes of Faith • Following Jesus,https://www.biblegateway.com/passage/?search=Matthew%2016%3A24&version=NIV,Following Jesus,Kingdom Heirs legacy reflection,true,1,Legacy of Sundar Singh,"Sundar Singh followed Jesus across cultural and physical boundaries with a life of visible devotion. The messenger's life should not replace the Gospel, but it should make the call to follow Christ credible."
KH-ENC-348,12-14,348,Matthew 5:16,Kingdom Heirs,true,draft,Heroes of Faith • Service in Remote Communities,https://www.biblegateway.com/passage/?search=Matthew%205%3A16&version=NIV,Service in Remote Communities,Kingdom Heirs legacy reflection,true,1,Legacy of Wilfred Grenfell,"Wilfred Grenfell brought practical care to isolated communities. Good works shine brightest when they meet real needs, honor people, and direct gratitude toward the Father rather than the servant."
KH-ENC-349,12-15,349,James 2:15-17,Kingdom Heirs,true,draft,Heroes of Faith • Whole-Person Compassion,https://www.biblegateway.com/passage/?search=James%202%3A15-17&version=NIV,Whole-Person Compassion,Kingdom Heirs legacy reflection,true,1,Legacy of William Booth,"William Booth refused to separate Gospel proclamation from compassion for immediate need. Feed the hungry, serve with dignity, and speak clearly of Jesus; embodied love and spoken truth belong together."
KH-ENC-350,12-16,350,Matthew 28:19-20,Kingdom Heirs,true,draft,Heroes of Faith • Missionary Obedience,https://www.biblegateway.com/passage/?search=Matthew%2028%3A19-20&version=NIV,Missionary Obedience,Kingdom Heirs legacy reflection,true,1,Legacy of William Carey,William Carey's missionary obedience helped awaken the church to its global responsibility. Great assignments often begin when someone stops treating the Great Commission as an admired verse and starts treating it as a command.
KH-ENC-351,12-17,351,2 Corinthians 5:7,Kingdom Heirs,true,draft,Evangelists • Faith,https://www.biblegateway.com/passage/?search=2%20Corinthians%205%3A7&version=NIV,Faith,Verified quotation + Kingdom Heirs reflection,true,1,Step Into the Light,Faith does not require every answer before obedience. Walk toward the light Jesus has already given and trust Him with what remains unseen.
KH-ENC-352,12-18,352,Luke 15:7,Kingdom Heirs,true,draft,Evangelists • Soul Winning,https://www.biblegateway.com/passage/?search=Luke%2015%3A7&version=NIV,Soul Winning,Verified quotation + Kingdom Heirs reflection,true,1,Value Souls Above Wealth,"Heaven measures fruit differently than earth. Value people above possessions, and spend your life helping others encounter Jesus."
KH-ENC-353,12-19,353,Colossians 4:2-4,Kingdom Heirs,true,draft,Evangelists • Intercession,https://www.biblegateway.com/passage/?search=Colossians%204%3A2-4&version=NIV,Intercession,Verified quotation + Kingdom Heirs reflection,true,1,Let Prayer Ignite the Witness,Let prayer lead your witness. Speak to Jesus about people before you speak to people about Jesus.
KH-ENC-354,12-20,354,Romans 1:16,Kingdom Heirs,true,draft,Evangelists • Gospel Priority,https://www.biblegateway.com/passage/?search=Romans%201%3A16&version=NIV,Gospel Priority,Verified quotation + Kingdom Heirs reflection,true,1,Keep the Gospel Central,"Keep the Good News of Jesus central. Let reputation, comfort, and personal ambition move aside so people can clearly encounter Christ."
KH-ENC-355,12-21,355,Habakkuk 2:2-3,Kingdom Heirs,true,draft,Evangelists • Vision,https://www.biblegateway.com/passage/?search=Habakkuk%202%3A2-3&version=NIV,Vision,Verified quotation + Kingdom Heirs reflection,true,1,Carry a Vision Larger Than Yourself,"A kingdom vision can outlive the first person who carries it. Hold it humbly, work with others, and keep pointing the harvest to Jesus."
KH-ENC-356,12-22,356,Luke 15:10,Kingdom Heirs,true,draft,Evangelists • Harvest,https://www.biblegateway.com/passage/?search=Luke%2015%3A10&version=NIV,Harvest,Verified quotation + Kingdom Heirs reflection,true,1,Welcome the Harvest,"When people respond to Jesus, ministry may not look tidy. Prepare well, remain compassionate, and make room for lives being changed."
KH-ENC-357,12-23,357,Romans 8:11,Kingdom Heirs,true,draft,Evangelists • Holy Spirit Power,https://www.biblegateway.com/passage/?search=Romans%208%3A11&version=NIV,Holy Spirit Power,Verified quotation + Kingdom Heirs reflection,true,1,Depend on the Spirit's Power,"The Holy Spirit supplies power to resist sin, proclaim Jesus, love boldly, and serve faithfully. Depend on Him rather than spiritual pride or human energy."
KH-ENC-358,12-24,358,Acts 1:8,Kingdom Heirs,true,draft,Evangelists • Spirit-Empowered Evangelism,https://www.biblegateway.com/passage/?search=Acts%201%3A8&version=NIV,Spirit-Empowered Evangelism,Verified quotation + Kingdom Heirs reflection,true,1,Keep Preaching Jesus,"Methods may change, but Spirit-empowered evangelism remains centered on Jesus. Keep the message clear, the heart loving, and your dependence on the Holy Spirit complete."
KH-ENC-359,12-25,359,John 5:39,Kingdom Heirs,true,draft,Evangelists • Scripture,https://www.biblegateway.com/passage/?search=John%205%3A39&version=NIV,Scripture,Verified quotation + Kingdom Heirs reflection,true,1,Discover the Bible,"Open Scripture for yourself. Ask Yahweh for understanding, and encounter Jesus in the unified story the Bible tells."
KH-ENC-360,12-26,360,Mark 1:35,Kingdom Heirs,true,draft,Evangelists • Daily Devotion,https://www.biblegateway.com/passage/?search=Mark%201%3A35&version=NIV,Daily Devotion,Verified quotation + Kingdom Heirs reflection,true,1,Protect Time With Yahweh,Public strength grows from private fellowship with Yahweh. Make daily room for Scripture and prayer before responsibility claims your full attention.
KH-ENC-361,12-27,361,Psalm 46:1-2,Kingdom Heirs,true,draft,Evangelists • Trust,https://www.biblegateway.com/passage/?search=Psalm%2046%3A1-2&version=NIV,Trust,Verified quotation + Kingdom Heirs reflection,true,1,Nothing Is Beyond His Rule,"No situation is beyond Yahweh's authority. Do what faithfulness requires, entrust the outcome to Him, and refuse to let fear become your master."
KH-ENC-362,12-28,362,Romans 5:1,Kingdom Heirs,true,draft,Evangelists • Christ Our Hope,https://www.biblegateway.com/passage/?search=Romans%205%3A1&version=NIV,Christ Our Hope,Verified quotation + Kingdom Heirs reflection,true,1,Only Christ Meets the Deepest Need,"Programs can serve, leaders can guide, and communities can help, but only Jesus reconciles sinners to Yahweh and gives lasting peace."
KH-ENC-363,12-29,363,Hebrews 4:16,Kingdom Heirs,true,draft,Evangelists • Prayer,https://www.biblegateway.com/passage/?search=Hebrews%204%3A16&version=NIV,Prayer,Verified quotation + Kingdom Heirs reflection,true,1,Receive the Privilege of Prayer,"Prayer is not a last resort. Through Jesus, Yahweh welcomes His children to bring gratitude, confession, need, and intercession to Him every day."
KH-ENC-364,12-30,364,Matthew 4:4,Kingdom Heirs,true,draft,Evangelists • Scripture,https://www.biblegateway.com/passage/?search=Matthew%204%3A4&version=NIV,Scripture,Verified quotation + Kingdom Heirs reflection,true,1,Treat the Bible as Necessary,"Scripture is daily truth, correction, nourishment, and hope for the disciple. Give Yahweh's Word a necessary place in your life, not a leftover one."
KH-ENC-365,12-31,365,1 Thessalonians 5:18,Kingdom Heirs,true,draft,Evangelists • Gratitude,https://www.biblegateway.com/passage/?search=1%20Thessalonians%205%3A18&version=NIV,Gratitude,Verified quotation + Kingdom Heirs reflection,true,1,Do Not Let Gratitude Wait,"Do not let gratitude wait for perfect circumstances. Name today's mercies, thank Yahweh for salvation in Jesus, and let thanksgiving reshape your attitude."
